Order Date,Invoice No,Customer ID,Product Name,Qty,Unit Price,Total,Region,Channel,_is_outlier
09/02/2023,INV-00091,1096,Coffee Beans 1kg,1,$18.50,$18.50,East,Online,False
23/03/2024,INV-01007,1270,Mug Set,1,$24.00,$24.00,East,In-store,False
07/10/2023,INV-00387,1036,Espresso Machine,1,$449.00,$449.00,West,Online,False
26/02/2023,INV-00186,1085,Milk Frother,2,$39.90,$79.80,North,Online,False
18/01/2023,INV-00425,1127,Coffee Beans 1kg,1,$18.50,$18.50,East,Online,False
03/05/2023,INV-00344,1123,Coffee Beans 1kg,3,$18.50,$55.50,North,Online,False
15/03/2023,INV-00224,1363,Grinder,1,$129.00,$129.00,East,In-store,False
16/04/2024,INV-00017,1319,Filter Papers,3,$4.25,$12.75,South,Online,False
08/06/2024,INV-00882,1366,Filter Papers,1,$4.25,$4.25,South,Online,False
23/01/2024,INV-00572,1398,Coffee Beans 1kg,3,$18.50,$55.50,West,Online,False
08/05/2023,INV-00761,1031,Espresso Machine,3,$449.00,"$1,347.00",North,Online,False
25/05/2023,INV-00729,1056,Milk Frother,1,$39.90,$39.90,East,Online,False
21/06/2023,INV-00345,1347,Espresso Machine,1,$449.00,$449.00,South,Online,False
21/11/2023,INV-00536,1031,Espresso Machine,1,$449.00,$449.00,North,Online,False
28/04/2023,INV-00159,1066,Milk Frother,1,$39.90,$39.90,North,Online,False
14/06/2023,INV-01165,1072,Filter Papers,3,$4.25,$12.75,South,In-store,False
23/04/2023,INV-01039,1365,Coffee Beans 1kg,1,$18.50,$18.50,East,In-store,False
23/04/2024,INV-00288,1143,Espresso Machine,1,$449.00,$449.00,East,In-store,False
28/02/2024,INV-00917,1105,Grinder,1,$129.00,$129.00,South,Online,False
19/01/2023,INV-00843,1067,Milk Frother,3,$39.90,$119.70,North,In-store,False
06/02/2023,INV-00639,1183,Grinder,3,$129.00,$387.00,West,In-store,False
09/08/2023,INV-00453,1235,Coffee Beans 1kg,2,$18.50,$37.00,South,Online,False
05/05/2024,INV-00246,1320,Mug Set,3,$24.00,$72.00,East,In-store,False
22/05/2024,INV-01146,1246,Filter Papers,1,$4.25,$4.25,East,Online,False
15/07/2023,INV-00399,1394,Coffee Beans 1kg,2,$18.50,$37.00,West,Online,False
17/03/2023,INV-00089,1042,Grinder,3,$129.00,$387.00,East,Online,False
18/01/2023,INV-00884,1195,Filter Papers,2,$4.25,$8.50,South,Online,False
09/04/2024,INV-01034,1226,Milk Frother,1,$39.90,$39.90,West,In-store,False
04/06/2023,INV-00528,1275,Filter Papers,1,$4.25,$4.25,East,In-store,False
26/06/2024,INV-00134,1001,Espresso Machine,1,$449.00,$449.00,East,In-store,False
11/02/2023,INV-00877,1081,Grinder,3,$129.00,$387.00,West,In-store,False
13/08/2023,INV-00356,1186,Espresso Machine,1,$449.00,$449.00,East,In-store,False
25/03/2023,INV-00351,1026,Filter Papers,3,$4.25,$12.75,North,In-store,False
20/01/2024,INV-01198,1390,Espresso Machine,1,$449.00,$449.00,North,Online,False
15/09/2023,INV-00022,1256,Grinder,2,$129.00,$258.00,South,In-store,False
28/02/2023,INV-00187,1319,Coffee Beans 1kg,3,$18.50,$55.50,South,In-store,False
16/07/2023,INV-01063,1206,Coffee Beans 1kg,2,$18.50,$37.00,East,In-store,False
11/02/2023,INV-00605,1238,Filter Papers,3,$4.25,$12.75,East,Online,False
24/01/2023,INV-00285,1138,Filter Papers,1,$4.25,$4.25,East,Online,False
20/09/2023,INV-00673,1130,Coffee Beans 1kg,3,$18.50,$55.50,North,Online,False
12/11/2023,INV-00444,1051,Filter Papers,2,$4.25,$8.50,South,Online,False
30/05/2024,INV-00815,1082,Milk Frother,3,$39.90,$119.70,North,Online,False
29/06/2024,INV-00744,1306,Coffee Beans 1kg,2,$18.50,$37.00,North,Online,False
17/04/2023,INV-00227,1177,Coffee Beans 1kg,3,$18.50,$55.50,North,Online,False
31/05/2024,INV-00778,1330,Grinder,3,$129.00,$387.00,North,In-store,False
16/03/2023,INV-00149,1111,Coffee Beans 1kg,1,$18.50,$18.50,North,In-store,False
22/03/2023,INV-00315,1288,Milk Frother,3,$39.90,$119.70,,In-store,False
28/01/2023,INV-01100,1349,Milk Frother,1,$39.90,$39.90,East,In-store,False
27/06/2024,INV-00565,1331,Coffee Beans 1kg,1,$18.50,$18.50,North,Online,False
15/04/2024,INV-00866,1085,Grinder,3,$129.00,$387.00,North,Online,False
17/06/2024,INV-00787,1147,Grinder,3,$129.00,$387.00,South,In-store,False
28/05/2024,INV-00625,1109,Filter Papers,1,$4.25,$4.25,East,Online,False
20/09/2023,INV-01049,1319,Grinder,3,$129.00,$387.00,South,Online,False
24/05/2024,INV-00996,1322,Coffee Beans 1kg,2,$18.50,$37.00,West,Online,False
03/06/2024,INV-00940,1177,Coffee Beans 1kg,1,$18.50,$18.50,North,In-store,False
11/04/2023,INV-00561,1107,Grinder,2,$129.00,$258.00,West,Online,False
21/05/2024,INV-01135,1025,Mug Set,1,$24.00,$24.00,North,In-store,False
11/07/2023,INV-00936,1107,Coffee Beans 1kg,2,$18.50,$37.00,East,Online,False
30/05/2024,INV-01100,1060,Mug Set,2,$24.00,$48.00,North,In-store,False
07/01/2024,INV-00847,1028,Coffee Beans 1kg,2,$18.50,$37.00,West,Online,False
11/03/2024,INV-00902,1313,Filter Papers,2,$4.25,$8.50,North,Online,False
04/04/2024,INV-00005,1186,Espresso Machine,3,$449.00,"$1,347.00",North,Online,False
26/11/2023,INV-00540,1387,Filter Papers,2,$4.25,$8.50,West,In-store,False
29/05/2024,INV-00167,1105,Espresso Machine,3,$449.00,"$1,347.00",East,Online,False
11/06/2023,INV-00089,1153,Coffee Beans 1kg,1,$18.50,$18.50,East,Online,False
02/03/2024,INV-00539,1355,Coffee Beans 1kg,1,$18.50,$18.50,West,Online,False
19/12/2023,INV-01119,1246,Mug Set,1,$24.00,$24.00,West,Online,False
19/03/2024,INV-00355,1114,Filter Papers,2,$4.25,$8.50,South,Online,False
21/05/2024,INV-00854,1148,Coffee Beans 1kg,2,$18.50,$37.00,East,Online,False
08/09/2023,INV-00020,1309,Coffee Beans 1kg,2,$18.50,$37.00,North,In-store,False
10/04/2023,INV-00702,1145,Mug Set,3,$24.00,$72.00,North,In-store,False
01/01/2024,INV-00604,1194,Coffee Beans 1kg,2,$18.50,$37.00,South,In-store,False
02/01/2024,INV-00831,1195,Coffee Beans 1kg,3,$18.50,$55.50,North,Online,False
16/10/2023,INV-00741,1187,Coffee Beans 1kg,1,$18.50,$18.50,East,In-store,False
18/06/2023,INV-00823,1194,Mug Set,1,$24.00,$24.00,South,Online,False
05/12/2023,INV-00601,1385,Coffee Beans 1kg,2,$18.50,$37.00,North,In-store,False
04/08/2023,INV-01029,1096,Filter Papers,1,$4.25,$4.25,West,Online,False
06/01/2024,INV-00034,1359,Coffee Beans 1kg,2,$18.50,$37.00,East,In-store,False
24/06/2023,INV-00625,1078,Espresso Machine,3,$449.00,"$1,347.00",South,In-store,False
27/01/2023,INV-00651,1031,Coffee Beans 1kg,1,$18.50,$18.50,West,In-store,False
28/06/2023,INV-00966,1126,Coffee Beans 1kg,2,$18.50,$37.00,North,In-store,False
30/08/2023,INV-00025,1098,Mug Set,2,$24.00,$48.00,West,Online,False
18/10/2023,INV-00456,1255,Coffee Beans 1kg,2,$18.50,$37.00,North,Online,False
07/05/2023,INV-00132,1073,Coffee Beans 1kg,2,$18.50,$37.00,West,Online,False
14/07/2023,INV-00549,1081,Filter Papers,1,$4.25,$4.25,South,Online,False
07/06/2023,INV-00526,1362,Coffee Beans 1kg,2,$18.50,$37.00,West,In-store,False
04/01/2024,INV-00618,1325,Mug Set,3,$24.00,$72.00,West,In-store,False
25/07/2023,INV-00949,1221,Coffee Beans 1kg,2,$18.50,$37.00,South,Online,False
15/09/2023,INV-00790,1365,Coffee Beans 1kg,3,$18.50,$55.50,South,In-store,False
17/10/2023,INV-00996,1148,Filter Papers,2,$4.25,$8.50,South,Online,False
15/02/2024,INV-01020,1028,Filter Papers,2,$4.25,$8.50,,Online,False
13/04/2024,INV-00396,1333,Coffee Beans 1kg,2,$18.50,$37.00,East,Online,False
25/01/2023,INV-00329,1035,Filter Papers,1,$4.25,$4.25,East,In-store,False
08/05/2024,INV-00771,1139,Coffee Beans 1kg,3,$18.50,$55.50,South,Online,False
09/12/2023,INV-00505,1183,Filter Papers,2,$4.25,$8.50,North,Online,False
25/03/2023,INV-01075,1272,Coffee Beans 1kg,2,$18.50,$37.00,West,In-store,False
31/01/2023,INV-00581,1049,Filter Papers,1,$4.25,$4.25,East,In-store,False
30/01/2024,INV-00586,1091,Espresso Machine,2,$449.00,$898.00,West,In-store,False
26/01/2024,INV-00364,1034,Filter Papers,3,$4.25,$12.75,South,Online,False
22/06/2024,INV-01037,1009,Filter Papers,1,$4.25,$4.25,West,Online,False
30/07/2023,INV-00305,1072,Filter Papers,2,$4.25,$8.50,South,Online,False
05/04/2024,INV-00688,1278,Filter Papers,1,$4.25,$4.25,North,In-store,False
09/10/2023,INV-00532,1216,Grinder,1,$129.00,$129.00,East,In-store,False
19/06/2023,INV-00494,1134,Coffee Beans 1kg,3,$18.50,$55.50,South,In-store,False
29/01/2024,INV-00849,1274,Coffee Beans 1kg,3,$18.50,$55.50,North,In-store,False
08/05/2023,INV-00057,1136,Milk Frother,2,$39.90,$79.80,West,In-store,False
27/02/2023,INV-01182,1396,Grinder,1,$129.00,$129.00,South,Online,False
19/02/2024,INV-00905,1110,Coffee Beans 1kg,1,$18.50,$18.50,South,In-store,False
10/06/2024,INV-00687,1271,Filter Papers,2,$4.25,$8.50,East,Online,False
30/03/2023,INV-01021,1100,Mug Set,3,$24.00,$72.00,West,Online,False
26/10/2023,INV-00859,1228,Coffee Beans 1kg,1,$18.50,$18.50,North,Online,False
21/01/2024,INV-00531,1228,Coffee Beans 1kg,2,$18.50,$37.00,South,Online,False
15/01/2023,INV-00326,1366,Coffee Beans 1kg,1,$18.50,$18.50,West,In-store,False
29/02/2024,INV-00645,1133,Coffee Beans 1kg,1,$18.50,$18.50,North,Online,False
12/08/2023,INV-00032,1043,Filter Papers,2,$4.25,$8.50,East,In-store,False
16/10/2023,INV-00546,1170,Filter Papers,1,$4.25,$4.25,West,In-store,False
22/07/2023,INV-00652,1242,Coffee Beans 1kg,3,$18.50,$55.50,South,In-store,False
16/02/2023,INV-00258,1080,Coffee Beans 1kg,2,$18.50,$37.00,East,Online,False
03/05/2024,INV-00160,1398,Filter Papers,1,$4.25,$4.25,East,Online,False
21/06/2024,INV-00554,1202,Espresso Machine,2,$449.00,$898.00,South,In-store,False
18/05/2023,INV-00170,1197,Filter Papers,3,$4.25,$12.75,South,In-store,False
17/02/2024,INV-00013,1234,Coffee Beans 1kg,3,$18.50,$55.50,West,Online,False
08/05/2024,INV-00099,1223,Coffee Beans 1kg,3,$18.50,$55.50,West,Online,False
21/06/2023,INV-00612,1168,Espresso Machine,1,$449.00,$449.00,South,In-store,False
21/02/2023,INV-00920,1220,Mug Set,2,$24.00,$48.00,East,Online,False
05/05/2023,INV-01134,1161,Milk Frother,3,$39.90,$119.70,South,Online,False
17/11/2023,INV-00256,1397,Coffee Beans 1kg,3,$18.50,$55.50,North,Online,False
05/03/2023,INV-00596,1377,Coffee Beans 1kg,1,$18.50,$18.50,West,In-store,False
28/12/2023,INV-00439,1218,Coffee Beans 1kg,2,$18.50,$37.00,North,Online,False
08/03/2023,INV-01125,1019,Filter Papers,2,$4.25,$8.50,North,In-store,False
12/02/2023,INV-01195,1137,Coffee Beans 1kg,2,$18.50,$37.00,North,In-store,False
21/04/2024,INV-00849,1130,Grinder,3,$129.00,$387.00,South,Online,False
03/06/2024,INV-01179,1265,Coffee Beans 1kg,1,$18.50,$18.50,South,Online,False
24/05/2024,INV-01013,1207,Filter Papers,3,$4.25,$12.75,North,Online,False
24/05/2024,INV-00331,1050,Mug Set,3,$24.00,$72.00,,In-store,False
29/04/2023,INV-01171,1239,Mug Set,2,$24.00,$48.00,West,Online,False
23/04/2024,INV-01199,1005,Milk Frother,1,$39.90,$39.90,South,Online,False
13/02/2023,INV-00341,1016,Filter Papers,3,$4.25,$12.75,West,Online,False
29/09/2023,INV-01009,1006,Grinder,3,$129.00,$387.00,East,In-store,False
09/10/2023,INV-00159,1096,Filter Papers,3,$4.25,$12.75,East,In-store,False
07/05/2024,INV-00211,1374,Filter Papers,3,$4.25,$12.75,North,In-store,False
31/05/2024,INV-01134,1021,Filter Papers,1,$4.25,$4.25,South,In-store,False
10/11/2023,INV-00702,1240,Grinder,3,$129.00,$387.00,East,Online,False
04/02/2023,INV-00134,1003,Espresso Machine,1,$449.00,$449.00,West,Online,False
27/06/2023,INV-00234,1019,Filter Papers,3,$4.25,$12.75,West,Online,False
06/09/2023,INV-00526,1128,Grinder,3,$129.00,$387.00,North,Online,False
13/04/2024,INV-00591,1065,Milk Frother,2,$39.90,$79.80,East,Online,False
18/03/2023,INV-00602,1162,Espresso Machine,3,$449.00,"$1,347.00",North,Online,False
14/05/2024,INV-00371,1020,Coffee Beans 1kg,3,$18.50,$55.50,North,In-store,False
03/02/2024,INV-00415,1343,Coffee Beans 1kg,2,$18.50,$37.00,West,In-store,False
10/05/2024,INV-00837,1180,Grinder,1,$129.00,$129.00,South,Online,False
16/06/2023,INV-00125,1005,Milk Frother,3,$39.90,$119.70,North,Online,False
14/06/2023,INV-00894,1000,Mug Set,1,$24.00,$24.00,West,Online,False
28/04/2023,INV-00395,1286,Coffee Beans 1kg,3,$18.50,$55.50,West,Online,False
13/03/2024,INV-00372,1145,Coffee Beans 1kg,3,$18.50,$55.50,East,In-store,False
21/05/2023,INV-00035,1182,Mug Set,3,$24.00,$72.00,West,Online,False
09/03/2023,INV-00584,1270,Milk Frother,1,$39.90,$39.90,South,In-store,False
05/04/2024,INV-00923,1235,Coffee Beans 1kg,2,$18.50,$37.00,West,In-store,False
05/10/2023,INV-00329,1271,Espresso Machine,1,$449.00,$449.00,North,Online,False
22/08/2023,INV-00682,1058,Filter Papers,1,$4.25,$4.25,North,Online,False
16/06/2023,INV-00519,1305,Coffee Beans 1kg,3,$18.50,$55.50,North,Online,False
23/02/2024,INV-00917,1320,Espresso Machine,3,$449.00,"$1,347.00",South,Online,False
01/01/2024,INV-00591,1221,Milk Frother,1,$39.90,$39.90,South,Online,False
20/07/2023,INV-00333,1151,Espresso Machine,1,$449.00,$449.00,,In-store,False
02/06/2023,INV-01033,1116,Filter Papers,1,$4.25,$4.25,East,In-store,False
29/07/2023,INV-00211,1163,Grinder,1,$129.00,$129.00,East,Online,False
27/06/2023,INV-00816,1311,Coffee Beans 1kg,1,$18.50,$18.50,West,Online,False
13/05/2024,INV-00450,1226,Espresso Machine,1,$449.00,$449.00,West,Online,False
08/04/2023,INV-00941,1075,Grinder,1,$129.00,$129.00,West,Online,False
05/11/2023,INV-00267,1104,Coffee Beans 1kg,3,$18.50,$55.50,South,In-store,False
14/01/2024,INV-00459,1076,Grinder,3,$129.00,$387.00,North,Online,False
04/01/2023,INV-01029,1174,Mug Set,2,$24.00,$48.00,North,Online,False
19/01/2024,INV-00419,1116,Mug Set,2,$24.00,$48.00,North,Online,False
28/06/2023,INV-00962,1053,Grinder,1,$129.00,$129.00,North,Online,False
01/01/2023,INV-00330,1258,Coffee Beans 1kg,3,$18.50,$55.50,East,In-store,False
12/04/2023,INV-00551,1281,Milk Frother,2,$39.90,$79.80,South,Online,False
11/12/2023,INV-00543,1134,Grinder,3,$129.00,$387.00,North,In-store,False
11/05/2024,INV-00432,1040,Filter Papers,1,$4.25,$4.25,East,In-store,False
26/06/2023,INV-00994,1162,Filter Papers,2,$4.25,$8.50,West,In-store,False
03/03/2023,INV-00026,1111,Coffee Beans 1kg,1,$18.50,$18.50,,In-store,False
04/06/2023,INV-00830,1152,Espresso Machine,2,$449.00,$898.00,South,In-store,False
26/01/2023,INV-00072,1087,Espresso Machine,2,$449.00,$898.00,North,Online,False
26/11/2023,INV-00518,1013,Espresso Machine,3,$449.00,"$1,347.00",West,In-store,False
15/12/2023,INV-00766,1052,Milk Frother,2,$39.90,$79.80,North,Online,False
21/07/2023,INV-00398,1339,Mug Set,1,$24.00,$24.00,South,In-store,False
13/11/2023,INV-01116,1219,Coffee Beans 1kg,1,$18.50,$18.50,South,In-store,False
25/04/2024,INV-00668,1216,Espresso Machine,3,$449.00,"$1,347.00",North,In-store,False
06/04/2023,INV-00388,1078,Espresso Machine,2,$449.00,$898.00,East,In-store,False
13/06/2023,INV-00607,1273,Mug Set,2,$24.00,$48.00,East,Online,False
08/06/2024,INV-00408,1300,Mug Set,2,$24.00,$48.00,North,In-store,False
29/01/2024,INV-00628,1373,Coffee Beans 1kg,1,$18.50,$18.50,South,In-store,False
19/05/2024,INV-00729,1111,Filter Papers,1,$4.25,$4.25,West,Online,False
04/07/2023,INV-00282,1004,Grinder,3,$129.00,$387.00,West,In-store,False
25/09/2023,INV-00433,1387,Coffee Beans 1kg,3,$18.50,$55.50,East,In-store,False
28/03/2024,INV-00667,1356,Filter Papers,2,$4.25,$8.50,South,In-store,False
23/07/2023,INV-00361,1226,Coffee Beans 1kg,1,$18.50,$18.50,North,Online,False
12/10/2023,INV-00261,1397,Mug Set,1,$24.00,$24.00,North,In-store,False
05/04/2023,INV-01028,1035,Grinder,1,$129.00,$129.00,South,Online,False
08/06/2024,INV-00627,1223,Filter Papers,2,$4.25,$8.50,East,In-store,False
25/11/2023,INV-00446,1248,Filter Papers,3,$4.25,$12.75,South,Online,False
30/03/2024,INV-01155,1085,Milk Frother,1,$39.90,$39.90,North,Online,False
23/06/2023,INV-00345,1083,Grinder,2,$129.00,$258.00,South,Online,False
04/01/2024,INV-01173,1216,Filter Papers,3,$4.25,$12.75,South,Online,False
03/03/2024,INV-01012,1151,Coffee Beans 1kg,2,$18.50,$37.00,East,In-store,False
27/02/2024,INV-00392,1207,Coffee Beans 1kg,2,$18.50,$37.00,East,In-store,False
10/03/2023,INV-00558,1083,Filter Papers,3,$4.25,$12.75,North,Online,False
18/04/2024,INV-00673,1175,Coffee Beans 1kg,3,$18.50,$55.50,West,In-store,False
09/01/2024,INV-00567,1113,Mug Set,1,$24.00,$24.00,West,Online,False
19/09/2023,INV-01196,1212,Coffee Beans 1kg,1,$18.50,$18.50,West,Online,False
30/05/2024,INV-00164,1245,Coffee Beans 1kg,1,$18.50,$18.50,East,In-store,False
12/01/2023,INV-00265,1196,Coffee Beans 1kg,2,$18.50,$37.00,,Online,False
26/05/2024,INV-00742,1202,Coffee Beans 1kg,2,$18.50,$37.00,North,Online,False
22/02/2023,INV-00072,1105,Coffee Beans 1kg,2,$18.50,$37.00,East,In-store,False
05/05/2024,INV-01018,1007,Grinder,2,$129.00,$258.00,North,In-store,False
16/02/2023,INV-00861,1268,Milk Frother,2,$39.90,$79.80,West,In-store,False
22/01/2023,INV-00897,1366,Coffee Beans 1kg,1,$18.50,$18.50,North,Online,False
13/05/2024,INV-00261,1241,Coffee Beans 1kg,1,$18.50,$18.50,East,Online,False
13/01/2023,INV-01076,1098,Coffee Beans 1kg,1,$18.50,$18.50,North,Online,False
12/05/2023,INV-00573,1177,Coffee Beans 1kg,3,$18.50,$55.50,East,Online,False
26/04/2024,INV-00924,1194,Coffee Beans 1kg,3,$18.50,$55.50,North,In-store,False
16/10/2023,INV-00255,1169,Coffee Beans 1kg,1,$18.50,$18.50,West,In-store,False
27/01/2023,INV-00077,1051,Espresso Machine,2,$449.00,$898.00,West,Online,False
17/05/2024,INV-00537,1340,Mug Set,1,$24.00,$24.00,West,Online,False
20/05/2024,INV-00311,1153,Mug Set,2,$24.00,$48.00,South,In-store,False
08/01/2023,INV-00453,1003,Coffee Beans 1kg,3,$18.50,$55.50,West,In-store,False
02/07/2023,INV-00482,1312,Filter Papers,2,$4.25,$8.50,North,Online,False
25/02/2024,INV-00362,1006,Grinder,2,$129.00,$258.00,North,Online,False
30/05/2023,INV-00534,1095,Milk Frother,1,$39.90,$39.90,,In-store,False
01/10/2023,INV-00119,1151,Coffee Beans 1kg,3,$18.50,$55.50,East,Online,False
06/05/2023,INV-00178,1337,Filter Papers,1,$4.25,$4.25,East,Online,False
06/12/2023,INV-01188,1284,Filter Papers,1,$4.25,$4.25,East,Online,False
12/08/2023,INV-01019,1245,Milk Frother,2,$39.90,$79.80,West,Online,False
18/02/2023,INV-00540,1188,Milk Frother,3,$39.90,$119.70,South,In-store,False
11/04/2024,INV-00426,1253,Filter Papers,2,$4.25,$8.50,South,In-store,False
10/06/2023,INV-00029,1351,Coffee Beans 1kg,1,$18.50,$18.50,North,Online,False
16/05/2023,INV-00626,1362,Milk Frother,1,$39.90,$39.90,North,Online,False
27/06/2024,INV-00949,1302,Coffee Beans 1kg,1,$18.50,$18.50,South,Online,False
25/11/2023,INV-00517,1203,Filter Papers,3,$4.25,$12.75,East,Online,False
03/09/2023,INV-00478,1087,Coffee Beans 1kg,3,$18.50,$55.50,West,In-store,False
06/07/2023,INV-00893,1055,Coffee Beans 1kg,2,$18.50,$37.00,West,Online,False
13/03/2024,INV-00948,1148,Coffee Beans 1kg,1,$18.50,$18.50,North,Online,False
20/05/2024,INV-00148,1256,Coffee Beans 1kg,3,$18.50,$55.50,South,Online,False
16/01/2023,INV-00844,1074,Coffee Beans 1kg,2,$18.50,$37.00,North,Online,False
29/03/2024,INV-00404,1253,Milk Frother,2,$39.90,$79.80,South,Online,False
08/05/2024,INV-01144,1330,Filter Papers,3,$4.25,$12.75,East,In-store,False
30/10/2023,INV-00936,1320,Coffee Beans 1kg,3,$18.50,$55.50,North,In-store,False
11/02/2023,INV-00258,1140,Coffee Beans 1kg,1,$18.50,$18.50,East,Online,False
09/06/2023,INV-00771,1050,Filter Papers,1,$4.25,$4.25,North,Online,False
23/02/2023,INV-00639,1356,Milk Frother,3,$39.90,$119.70,North,Online,False
17/10/2023,INV-01136,1087,Filter Papers,1,$4.25,$4.25,North,In-store,False
20/01/2023,INV-01086,1261,Coffee Beans 1kg,2,$18.50,$37.00,West,Online,False
30/12/2023,INV-00400,1373,Mug Set,1,$24.00,$24.00,South,Online,False
13/05/2024,INV-00768,1377,Grinder,2,$129.00,$258.00,South,In-store,False
30/01/2023,INV-00612,1225,Coffee Beans 1kg,2,$18.50,$37.00,North,In-store,False
15/03/2023,INV-00339,1161,Grinder,1,$129.00,$129.00,East,Online,False
18/06/2024,INV-00152,1081,Grinder,3,$129.00,$387.00,South,In-store,False
04/05/2024,INV-01027,1299,Filter Papers,3,$4.25,$12.75,,Online,False
01/03/2023,INV-00083,1169,Mug Set,2,$24.00,$48.00,West,Online,False
18/01/2024,INV-00628,1126,Coffee Beans 1kg,2,$18.50,$37.00,West,Online,False
13/02/2023,INV-00247,1156,Coffee Beans 1kg,3,$18.50,$55.50,South,In-store,False
06/12/2023,INV-00824,1055,Coffee Beans 1kg,2,$18.50,$37.00,East,In-store,False
07/04/2024,INV-00261,1052,Filter Papers,3,$4.25,$12.75,,In-store,False
01/03/2024,INV-01019,1150,Coffee Beans 1kg,2,$18.50,$37.00,West,In-store,False
24/03/2023,INV-00938,1236,Grinder,1,$129.00,$129.00,West,Online,False
28/11/2023,INV-00315,1144,Coffee Beans 1kg,3,$18.50,$55.50,North,Online,False
19/01/2024,INV-00138,1020,Coffee Beans 1kg,2,$18.50,$37.00,West,Online,False
05/01/2024,INV-01148,1124,Filter Papers,2,$4.25,$8.50,South,Online,False
05/02/2024,INV-01076,1023,Milk Frother,1,$39.90,$39.90,South,Online,False
21/01/2024,INV-00895,1034,Filter Papers,3,$4.25,$12.75,,In-store,False
02/01/2024,INV-00938,1103,Mug Set,2,$24.00,$48.00,West,In-store,False
15/01/2023,INV-01053,1233,Grinder,3,$129.00,$387.00,,Online,False
27/12/2023,INV-00542,1147,Filter Papers,2,$4.25,$8.50,West,In-store,False
07/05/2024,INV-00269,1028,Coffee Beans 1kg,2,$18.50,$37.00,East,In-store,False
16/11/2023,INV-00536,1225,Coffee Beans 1kg,2,$18.50,$37.00,East,Online,False
25/08/2023,INV-00663,1367,Mug Set,2,$24.00,$48.00,West,In-store,False
13/07/2023,INV-01059,1362,Grinder,1,$129.00,$129.00,North,Online,False
20/05/2023,INV-00551,1355,Grinder,1,$129.00,$129.00,West,Online,False
13/08/2023,INV-00534,1092,Coffee Beans 1kg,3,$18.50,$55.50,South,Online,False
13/04/2024,INV-00831,1331,Mug Set,1,$24.00,$24.00,West,Online,False
24/02/2024,INV-00041,1059,Espresso Machine,3,$449.00,"$1,347.00",North,Online,False
02/02/2024,INV-00929,1124,Coffee Beans 1kg,3,$18.50,$55.50,West,Online,False
25/07/2023,INV-01110,1053,Coffee Beans 1kg,3,$18.50,$55.50,East,In-store,False
12/05/2024,INV-00293,1316,Espresso Machine,1,$449.00,$449.00,,In-store,False
25/02/2023,INV-00286,1029,Coffee Beans 1kg,1,$18.50,$18.50,North,Online,False
12/07/2023,INV-00895,1213,Grinder,2,$129.00,$258.00,West,Online,False
13/04/2024,INV-00155,1061,Filter Papers,1,$4.25,$4.25,East,In-store,False
14/04/2024,INV-00099,1370,Coffee Beans 1kg,2,$18.50,$37.00,South,Online,False
02/06/2024,INV-00309,1088,Grinder,3,$129.00,$387.00,East,Online,False
01/06/2024,INV-01090,1185,Grinder,1,$129.00,$129.00,North,In-store,False
22/08/2023,INV-01077,1379,Milk Frother,2,$39.90,$79.80,East,In-store,False
05/06/2023,INV-00596,1210,Filter Papers,3,$4.25,$12.75,East,Online,False
29/06/2023,INV-00234,1349,Espresso Machine,2,$449.00,$898.00,North,Online,False
08/09/2023,INV-00428,1386,Coffee Beans 1kg,3,$18.50,$55.50,East,In-store,False
30/03/2024,INV-00983,1056,Coffee Beans 1kg,2,$18.50,$37.00,West,Online,False
04/02/2023,INV-00353,1262,Coffee Beans 1kg,1,$18.50,$18.50,,Online,False
09/02/2023,INV-00618,1312,Grinder,1,$129.00,$129.00,South,Online,False
23/04/2024,INV-00636,1342,Grinder,3,$129.00,$387.00,East,Online,False
02/12/2023,INV-00557,1002,Grinder,2,$129.00,$258.00,East,In-store,False
14/10/2023,INV-01171,1370,Coffee Beans 1kg,1,$18.50,$18.50,South,In-store,False
03/12/2023,INV-00826,1265,Milk Frother,2,$39.90,$79.80,South,Online,False
25/05/2023,INV-00596,1108,Milk Frother,3,$39.90,$119.70,West,Online,False
28/09/2023,INV-00839,1125,Filter Papers,2,$4.25,$8.50,South,In-store,False
05/01/2024,INV-00703,1111,Mug Set,3,$24.00,$72.00,East,In-store,False
01/02/2024,INV-01048,1143,Coffee Beans 1kg,2,$18.50,$37.00,North,Online,False
04/05/2024,INV-00388,1386,Espresso Machine,3,$449.00,"$1,347.00",West,Online,False
30/04/2023,INV-00298,1090,Grinder,2,$129.00,$258.00,North,In-store,False
11/07/2023,INV-00349,1084,Grinder,3,$129.00,$387.00,West,In-store,False
24/06/2024,INV-00801,1224,Grinder,1,$129.00,$129.00,,Online,False
10/05/2024,INV-00573,1278,Coffee Beans 1kg,2,$18.50,$37.00,North,Online,False
02/06/2023,INV-00750,1372,Grinder,3,$129.00,$387.00,South,In-store,False
12/02/2024,INV-00811,1315,Coffee Beans 1kg,2,$18.50,$37.00,South,Online,False
04/03/2023,INV-00894,1331,Filter Papers,1,$4.25,$4.25,East,Online,False
23/01/2024,INV-00010,1124,Mug Set,1,$24.00,$24.00,East,Online,False
16/12/2023,INV-01181,1326,Filter Papers,1,$4.25,$4.25,North,In-store,False
07/03/2024,INV-00190,1266,Grinder,1,$129.00,$129.00,South,Online,False
13/12/2023,INV-00800,1204,Coffee Beans 1kg,3,$18.50,$55.50,West,In-store,False
11/12/2023,INV-00091,1296,Coffee Beans 1kg,1,$18.50,$18.50,East,In-store,False
22/12/2023,INV-01134,1389,Coffee Beans 1kg,1,$18.50,$18.50,North,Online,False
25/03/2024,INV-00407,1312,Grinder,3,$129.00,$387.00,East,Online,False
03/05/2024,INV-00835,1335,Coffee Beans 1kg,2,$18.50,$37.00,East,Online,False
30/06/2023,INV-00620,1344,Milk Frother,3,$39.90,$119.70,West,In-store,False
21/04/2023,INV-00907,1250,Filter Papers,1,$4.25,$4.25,South,In-store,False
01/06/2024,INV-00271,1100,Filter Papers,3,$4.25,$12.75,North,In-store,False
20/11/2023,INV-00935,1355,Filter Papers,2,$4.25,$8.50,North,Online,False
30/04/2024,INV-00344,1310,Coffee Beans 1kg,2,$18.50,$37.00,South,Online,False
09/03/2024,INV-00839,1035,Espresso Machine,1,$449.00,$449.00,West,Online,False
17/03/2023,INV-00851,1010,Grinder,1,$129.00,$129.00,West,Online,False
05/07/2023,INV-00919,1087,Mug Set,2,$24.00,$48.00,West,In-store,False
25/02/2024,INV-00409,1191,Coffee Beans 1kg,3,$18.50,$55.50,South,In-store,False
23/06/2024,INV-00895,1362,Coffee Beans 1kg,3,$18.50,$55.50,South,In-store,False
20/06/2024,INV-00503,1307,Filter Papers,2,$4.25,$8.50,West,Online,False
28/05/2024,INV-00773,1072,Mug Set,2,$24.00,$48.00,West,In-store,False
08/10/2023,INV-01197,1250,Filter Papers,1,$4.25,$4.25,South,Online,False
03/01/2023,INV-00218,1033,Milk Frother,1,$39.90,$39.90,East,Online,False
17/02/2023,INV-00119,1018,Milk Frother,3,$39.90,$119.70,East,In-store,False
05/06/2024,INV-01045,1155,Milk Frother,3,$39.90,$119.70,West,In-store,False
14/09/2023,INV-00960,1193,Grinder,3,$129.00,$387.00,West,Online,False
23/10/2023,INV-00326,1286,Grinder,1,$129.00,$129.00,North,In-store,False
21/05/2024,INV-00995,1037,Coffee Beans 1kg,2,$18.50,$37.00,West,Online,False
23/01/2023,INV-00062,1238,Filter Papers,2,$4.25,$8.50,North,Online,False
11/03/2023,INV-00709,1256,Grinder,1,$129.00,$129.00,South,Online,False
02/06/2024,INV-00325,1212,Coffee Beans 1kg,1,$18.50,$18.50,North,Online,False
22/03/2024,INV-00939,1002,Filter Papers,3,$4.25,$12.75,West,Online,False
17/07/2023,INV-00665,1297,Coffee Beans 1kg,3,$18.50,$55.50,West,In-store,False
11/04/2024,INV-01157,1042,Espresso Machine,1,$449.00,$449.00,North,Online,False
24/12/2023,INV-00351,1333,Grinder,2,$129.00,$258.00,West,Online,False
15/04/2023,INV-00283,1274,Coffee Beans 1kg,1,$18.50,$18.50,North,Online,False
06/03/2023,INV-00604,1008,Coffee Beans 1kg,2,$18.50,$37.00,West,Online,False
17/03/2023,INV-00914,1186,Filter Papers,1,$4.25,$4.25,South,Online,False
28/06/2024,INV-00090,1358,Coffee Beans 1kg,1,$18.50,$18.50,North,Online,False
24/02/2024,INV-00878,1014,Grinder,1,$129.00,$129.00,South,In-store,False
07/11/2023,INV-01131,1240,Mug Set,2,$24.00,$48.00,East,Online,False
14/04/2023,INV-00195,1026,Coffee Beans 1kg,2,$18.50,$37.00,East,In-store,False
28/04/2024,INV-00740,1350,Coffee Beans 1kg,3,$18.50,$55.50,South,Online,False
16/04/2024,INV-00850,1077,Coffee Beans 1kg,2,$18.50,$37.00,East,In-store,False
05/01/2023,INV-01166,1195,Espresso Machine,3,$449.00,"$1,347.00",North,In-store,False
13/09/2023,INV-00200,1241,Coffee Beans 1kg,2,$18.50,$37.00,East,Online,False
23/04/2024,INV-00361,1133,Filter Papers,1,$4.25,$4.25,West,In-store,False
14/06/2024,INV-00444,1119,Filter Papers,2,$4.25,$8.50,North,In-store,False
19/10/2023,INV-00642,1053,Filter Papers,1,$4.25,$4.25,South,In-store,False
06/06/2023,INV-00425,1370,Grinder,1,$129.00,$129.00,North,In-store,False
20/09/2023,INV-00112,1294,Coffee Beans 1kg,1,$18.50,$18.50,West,Online,False
01/05/2023,INV-00746,1126,Coffee Beans 1kg,3,$18.50,$55.50,South,Online,False
17/07/2023,INV-00550,1047,Milk Frother,3,$39.90,$119.70,South,Online,False
05/02/2023,INV-00761,1194,Mug Set,3,$24.00,$72.00,West,Online,False
07/06/2024,INV-00903,1333,Coffee Beans 1kg,1,$18.50,$18.50,South,In-store,False
05/07/2023,INV-00753,1334,Coffee Beans 1kg,1,$18.50,$18.50,West,Online,False
14/09/2023,INV-00693,1071,Coffee Beans 1kg,1,$18.50,$18.50,East,Online,False
09/09/2023,INV-00227,1274,Coffee Beans 1kg,3,$18.50,$55.50,West,Online,False
18/06/2024,INV-00039,1028,Coffee Beans 1kg,1,$18.50,$18.50,South,Online,False
01/11/2023,INV-00164,1180,Mug Set,1,$24.00,$24.00,West,Online,False
27/09/2023,INV-00394,1269,Grinder,1,$129.00,$129.00,,Online,False
26/01/2023,INV-00107,1039,Coffee Beans 1kg,3,$18.50,$55.50,West,In-store,False
18/12/2023,INV-00613,1206,Grinder,3,$129.00,$387.00,West,Online,False
25/04/2024,INV-00799,1085,Filter Papers,3,$4.25,$12.75,North,Online,False
07/03/2024,INV-00976,1072,Coffee Beans 1kg,2,$18.50,$37.00,South,Online,False
16/02/2023,INV-00343,1312,Mug Set,2,$24.00,$48.00,South,In-store,False
20/03/2024,INV-00680,1015,Grinder,2,$129.00,$258.00,South,Online,False
10/01/2024,INV-00840,1309,Grinder,1,$129.00,$129.00,North,Online,False
09/01/2024,INV-00107,1113,Filter Papers,3,$4.25,$12.75,East,In-store,False
27/08/2023,INV-01053,1298,Filter Papers,2,$4.25,$8.50,East,Online,False
20/06/2023,INV-00580,1346,Coffee Beans 1kg,1,$18.50,$18.50,South,Online,False
30/06/2023,INV-00804,1389,Filter Papers,3,$4.25,$12.75,West,In-store,False
03/02/2024,INV-00774,1149,Filter Papers,2,$4.25,$8.50,West,Online,False
06/02/2023,INV-00468,1385,Milk Frother,3,$39.90,$119.70,North,In-store,False
17/05/2023,INV-00098,1308,Coffee Beans 1kg,1,$18.50,$18.50,East,In-store,False
06/02/2023,INV-01172,1359,Mug Set,3,$24.00,$72.00,East,Online,False
04/08/2023,INV-00753,1394,Filter Papers,2,$4.25,$8.50,East,In-store,False
25/01/2024,INV-00618,1373,Mug Set,2,$24.00,$48.00,East,Online,False
12/06/2023,INV-00964,1325,Coffee Beans 1kg,1,$18.50,$18.50,North,Online,False
14/04/2024,INV-00163,1148,Milk Frother,3,$39.90,$119.70,West,Online,False
05/05/2024,INV-00298,1394,Milk Frother,2,$39.90,$79.80,South,In-store,False
19/02/2024,INV-00081,1353,Espresso Machine,2,$449.00,$898.00,,In-store,False
14/04/2024,INV-00902,1194,Grinder,2,$129.00,$258.00,North,In-store,False
06/12/2023,INV-01170,1038,Coffee Beans 1kg,3,$18.50,$55.50,North,In-store,False
26/07/2023,INV-00749,1380,Coffee Beans 1kg,1,$18.50,$18.50,South,Online,False
12/02/2024,INV-00882,1266,Espresso Machine,3,$449.00,"$1,347.00",East,Online,False
17/05/2024,INV-00428,1078,Coffee Beans 1kg,2,$18.50,$37.00,North,Online,False
14/05/2023,INV-01101,1076,Milk Frother,1,$39.90,$39.90,East,Online,False
31/10/2023,INV-00556,1076,Mug Set,2,$24.00,$48.00,West,In-store,False
23/01/2024,INV-00442,1172,Coffee Beans 1kg,1,$18.50,$18.50,East,In-store,False
18/10/2023,INV-01173,1277,Milk Frother,1,$39.90,$39.90,South,Online,False
09/12/2023,INV-00432,1089,Coffee Beans 1kg,3,$18.50,$55.50,South,In-store,False
07/02/2023,INV-00477,1386,Filter Papers,3,$4.25,$12.75,West,Online,False
18/04/2024,INV-00715,1007,Mug Set,3,$24.00,$72.00,,In-store,False
28/08/2023,INV-00621,1256,Mug Set,2,$24.00,$48.00,West,In-store,False
03/01/2024,INV-00591,1264,Mug Set,2,$24.00,$48.00,South,Online,False
22/02/2024,INV-00478,1229,Filter Papers,3,$4.25,$12.75,North,Online,False
22/09/2023,INV-00972,1299,Coffee Beans 1kg,2,$18.50,$37.00,South,In-store,False
20/04/2024,INV-00182,1345,Coffee Beans 1kg,3,$18.50,$55.50,South,In-store,False
12/05/2023,INV-00694,1187,Coffee Beans 1kg,3,$18.50,$55.50,,Online,False
12/03/2023,INV-00278,1109,Coffee Beans 1kg,2,$18.50,$37.00,East,Online,False
03/08/2023,INV-01063,1160,Espresso Machine,2,$449.00,$898.00,North,In-store,False
14/02/2024,INV-00314,1352,Filter Papers,3,$4.25,$12.75,North,In-store,False
22/09/2023,INV-00088,1299,Espresso Machine,3,$449.00,"$1,347.00",West,Online,False
29/04/2024,INV-00528,1023,Grinder,1,$129.00,$129.00,West,Online,False
22/05/2024,INV-00339,1358,Filter Papers,2,$4.25,$8.50,North,In-store,False
25/03/2024,INV-00496,1085,Filter Papers,2,$4.25,$8.50,North,Online,False
25/09/2023,INV-00073,1124,Grinder,3,$129.00,$387.00,North,Online,False
20/01/2023,INV-00391,1324,Coffee Beans 1kg,2,$18.50,$37.00,East,Online,False
13/02/2023,INV-01138,1249,Espresso Machine,1,$449.00,$449.00,East,Online,False
01/12/2023,INV-00435,1223,Filter Papers,3,$4.25,$12.75,West,Online,False
13/03/2024,INV-00633,1042,Grinder,2,$129.00,$258.00,West,Online,False
22/05/2023,INV-00598,1334,Filter Papers,3,$4.25,$12.75,West,Online,False
22/03/2024,INV-00404,1182,Espresso Machine,1,$449.00,$449.00,East,Online,False
18/12/2023,INV-00083,1152,Mug Set,1,$24.00,$24.00,South,Online,False
31/03/2024,INV-00307,1263,Mug Set,3,$24.00,$72.00,West,In-store,False
15/01/2024,INV-00994,1013,Grinder,3,$129.00,$387.00,South,Online,False
10/09/2023,INV-00891,1174,Milk Frother,1,$39.90,$39.90,South,In-store,False
12/05/2023,INV-00622,1232,Espresso Machine,3,$449.00,"$1,347.00",East,In-store,False
01/11/2023,INV-01033,1248,Coffee Beans 1kg,2,$18.50,$37.00,West,In-store,False
04/01/2023,INV-00926,1259,Filter Papers,2,$4.25,$8.50,South,In-store,False
15/04/2023,INV-01083,1175,Filter Papers,1,$4.25,$4.25,East,Online,False
17/01/2024,INV-00168,1048,Coffee Beans 1kg,3,$18.50,$55.50,North,Online,False
11/03/2023,INV-00598,1081,Filter Papers,1,$4.25,$4.25,East,Online,False
16/03/2024,INV-01193,1245,Mug Set,2,$24.00,$48.00,East,In-store,False
06/03/2023,INV-01176,1046,Coffee Beans 1kg,1,$18.50,$18.50,South,Online,False
14/01/2023,INV-01162,1298,Filter Papers,3,$4.25,$12.75,North,In-store,False
13/06/2024,INV-00261,1257,Mug Set,1,$24.00,$24.00,North,Online,False
22/09/2023,INV-00987,1384,Coffee Beans 1kg,3,$18.50,$55.50,,In-store,False
30/01/2023,INV-00951,1017,Grinder,3,$129.00,$387.00,North,Online,False
27/05/2023,INV-00866,1265,Filter Papers,3,$4.25,$12.75,East,Online,False
21/05/2023,INV-00087,1070,Grinder,2,$129.00,$258.00,West,Online,False
23/06/2023,INV-00330,1230,Mug Set,2,$24.00,$48.00,West,In-store,False
19/03/2023,INV-00082,1341,Coffee Beans 1kg,1,$18.50,$18.50,West,Online,False
09/09/2023,INV-00471,1260,Filter Papers,3,$4.25,$12.75,West,Online,False
06/05/2023,INV-00511,1326,Mug Set,3,$24.00,$72.00,East,Online,False
16/01/2024,INV-00462,1157,Espresso Machine,1,$449.00,$449.00,East,Online,False
16/06/2024,INV-00720,1187,Grinder,3,$129.00,$387.00,South,In-store,False
09/05/2024,INV-00100,1216,Grinder,1,$129.00,$129.00,East,Online,False
13/02/2024,INV-01179,1132,Coffee Beans 1kg,2,$18.50,$37.00,West,In-store,False
18/01/2024,INV-00691,1177,Espresso Machine,1,$449.00,$449.00,North,Online,False
13/02/2024,INV-00827,1102,Coffee Beans 1kg,3,$18.50,$55.50,North,In-store,False
30/10/2023,INV-00297,1221,Milk Frother,2,$39.90,$79.80,East,Online,False
25/09/2023,INV-00419,1345,Espresso Machine,1,$449.00,$449.00,West,In-store,False
22/09/2023,INV-01078,1257,Mug Set,1,$24.00,$24.00,South,Online,False
02/10/2023,INV-00466,1187,Filter Papers,3,$4.25,$12.75,South,Online,False
08/03/2024,INV-01187,1261,Filter Papers,3,$4.25,$12.75,West,Online,False
07/10/2023,INV-00508,1067,Filter Papers,2,$4.25,$8.50,West,In-store,False
19/06/2024,INV-00568,1338,Filter Papers,2,$4.25,$8.50,North,Online,False
18/04/2023,INV-01150,1159,Filter Papers,1,$4.25,$4.25,,Online,False
19/06/2024,INV-00580,1067,Coffee Beans 1kg,1,$18.50,$18.50,South,Online,False
20/05/2024,INV-00389,1131,Mug Set,2,$24.00,$48.00,North,Online,False
19/11/2023,INV-00665,1090,Milk Frother,3,$39.90,$119.70,East,In-store,False
03/04/2023,INV-00004,1164,Coffee Beans 1kg,1,$18.50,$18.50,West,Online,False
14/03/2023,INV-00518,1129,Coffee Beans 1kg,3,$18.50,$55.50,,In-store,False
13/04/2023,INV-00532,1167,Coffee Beans 1kg,2,$18.50,$37.00,West,Online,False
10/06/2023,INV-00002,1373,Milk Frother,2,$39.90,$79.80,East,Online,False
07/03/2024,INV-00467,1315,Coffee Beans 1kg,2,$18.50,$37.00,West,Online,False
10/06/2024,INV-00079,1258,Filter Papers,3,$4.25,$12.75,West,In-store,False
03/04/2023,INV-00624,1345,Espresso Machine,1,$449.00,$449.00,West,Online,False
27/01/2023,INV-00780,1050,Coffee Beans 1kg,1,$18.50,$18.50,East,Online,False
03/05/2024,INV-00254,1294,Filter Papers,2,$4.25,$8.50,North,Online,False
22/05/2023,INV-00544,1123,Filter Papers,3,$4.25,$12.75,East,In-store,False
09/05/2024,INV-00295,1304,Coffee Beans 1kg,1,$18.50,$18.50,South,Online,False
07/01/2024,INV-00129,1280,Milk Frother,3,$39.90,$119.70,North,Online,False
31/01/2024,INV-00140,1358,Coffee Beans 1kg,1,$18.50,$18.50,East,In-store,False
08/11/2023,INV-00308,1080,Filter Papers,3,$4.25,$12.75,East,In-store,False
28/04/2023,INV-00805,1069,Filter Papers,1,$4.25,$4.25,East,Online,False
29/06/2023,INV-00345,1299,Mug Set,1,$24.00,$24.00,North,Online,False
08/12/2023,INV-00530,1391,Coffee Beans 1kg,2,$18.50,$37.00,North,In-store,False
12/09/2023,INV-00572,1375,Grinder,2,$129.00,$258.00,West,Online,False
24/05/2024,INV-00930,1345,Filter Papers,2,$4.25,$8.50,East,Online,False
06/11/2023,INV-00296,1371,Filter Papers,3,$4.25,$12.75,West,Online,False
10/08/2023,INV-00722,1016,Grinder,3,$129.00,$387.00,West,Online,False
12/06/2024,INV-00441,1195,Grinder,1,$129.00,$129.00,South,Online,False
12/03/2023,INV-01123,1097,Milk Frother,1,$39.90,$39.90,South,Online,False
19/09/2023,INV-00124,1136,Filter Papers,2,$4.25,$8.50,North,Online,False
19/03/2023,INV-00059,1274,Coffee Beans 1kg,2,$18.50,$37.00,South,Online,False
23/02/2023,INV-00462,1071,Coffee Beans 1kg,1,$18.50,$18.50,North,In-store,False
03/08/2023,INV-00972,1315,Filter Papers,2,$4.25,$8.50,East,Online,False
04/05/2023,INV-00422,1058,Mug Set,3,$24.00,$72.00,East,In-store,False
15/12/2023,INV-00713,1098,Filter Papers,2,$4.25,$8.50,West,In-store,False
05/04/2024,INV-01186,1024,Mug Set,3,$24.00,$72.00,West,In-store,False
29/01/2023,INV-00197,1156,Filter Papers,3,$4.25,$12.75,North,Online,False
19/05/2024,INV-00690,1330,Filter Papers,1,$4.25,$4.25,South,In-store,False
13/08/2023,INV-00313,1036,Mug Set,3,$24.00,$72.00,West,In-store,False
14/04/2023,INV-00066,1135,Filter Papers,3,$4.25,$12.75,East,Online,False
04/09/2023,INV-00734,1340,Milk Frother,1,$39.90,$39.90,East,Online,False
18/01/2023,INV-00979,1098,Grinder,3,$129.00,$387.00,East,In-store,False
12/10/2023,INV-00500,1123,Mug Set,2,$24.00,$48.00,North,Online,False
27/05/2024,INV-00183,1351,Coffee Beans 1kg,1,$18.50,$18.50,South,In-store,False
09/11/2023,INV-00284,1369,Espresso Machine,2,$449.00,$898.00,West,In-store,False
17/02/2023,INV-00766,1055,Grinder,3,$129.00,$387.00,East,Online,False
17/04/2024,INV-00117,1025,Milk Frother,3,$39.90,$119.70,East,Online,False
18/08/2023,INV-00241,1054,Grinder,3,$129.00,$387.00,West,Online,False
17/03/2024,INV-00681,1381,Filter Papers,2,$4.25,$8.50,North,Online,False
18/09/2023,INV-00418,1105,Filter Papers,2,$4.25,$8.50,East,Online,False
31/03/2023,INV-00262,1009,Filter Papers,3,$4.25,$12.75,,Online,False
02/06/2024,INV-00828,1333,Milk Frother,1,$39.90,$39.90,South,Online,False
25/03/2023,INV-00458,1094,Grinder,1,$129.00,$129.00,North,Online,False
15/01/2024,INV-00371,1049,Milk Frother,3,$39.90,$119.70,,Online,False
24/07/2023,INV-00819,1262,Grinder,2,$129.00,$258.00,East,Online,False
15/01/2024,INV-00588,1080,Mug Set,3,$24.00,$72.00,South,Online,False
14/05/2024,INV-01151,1330,Coffee Beans 1kg,2,$18.50,$37.00,South,Online,False
04/06/2024,INV-00118,1370,Coffee Beans 1kg,2,$18.50,$37.00,South,Online,False
04/02/2023,INV-00782,1122,Grinder,3,$129.00,$387.00,South,Online,False
15/09/2023,INV-00701,1350,Filter Papers,3,$4.25,$12.75,East,Online,False
04/06/2023,INV-00557,1303,Coffee Beans 1kg,3,$18.50,$55.50,West,In-store,False
13/09/2023,INV-00475,1277,Filter Papers,1,$4.25,$4.25,East,In-store,False
23/05/2024,INV-00932,1201,Coffee Beans 1kg,3,$18.50,$55.50,,Online,False
06/09/2023,INV-00822,1056,Espresso Machine,3,$449.00,"$1,347.00",North,In-store,False
21/04/2024,INV-00276,1209,Filter Papers,3,$4.25,$12.75,West,Online,False
24/02/2024,INV-01156,1285,Filter Papers,1,$4.25,$4.25,North,Online,False
04/10/2023,INV-00874,1129,Filter Papers,2,$4.25,$8.50,North,Online,False
16/05/2024,INV-00780,1397,Coffee Beans 1kg,1,$18.50,$18.50,East,Online,False
22/06/2024,INV-00191,1156,Coffee Beans 1kg,2,$18.50,$37.00,South,Online,False
01/11/2023,INV-00744,1276,Grinder,2,$129.00,$258.00,South,In-store,False
24/06/2024,INV-00551,1178,Grinder,1,$129.00,$129.00,East,Online,False
04/01/2024,INV-00465,1216,Coffee Beans 1kg,2,$18.50,$37.00,South,Online,False
29/03/2024,INV-00670,1126,Coffee Beans 1kg,3,$18.50,$55.50,West,In-store,False
29/10/2023,INV-00563,1290,Coffee Beans 1kg,1,$18.50,$18.50,North,Online,False
19/03/2023,INV-00284,1289,Filter Papers,1,$4.25,$4.25,West,In-store,False
22/06/2023,INV-00020,1359,Grinder,2,$129.00,$258.00,South,In-store,False
08/01/2024,INV-00417,1242,Grinder,1,$129.00,$129.00,South,Online,False
19/12/2023,INV-00889,1167,Coffee Beans 1kg,3,$18.50,$55.50,West,Online,False
04/07/2023,INV-00212,1169,Grinder,1,$129.00,$129.00,North,Online,False
22/02/2023,INV-00451,1282,Coffee Beans 1kg,3,$18.50,$55.50,East,In-store,False
03/05/2024,INV-00903,1192,Grinder,2,$129.00,$258.00,West,Online,False
30/03/2024,INV-00908,1248,Filter Papers,2,$4.25,$8.50,West,Online,False
13/01/2023,INV-01133,1079,Coffee Beans 1kg,2,$18.50,$37.00,West,In-store,False
25/05/2024,INV-00087,1243,Coffee Beans 1kg,1,$18.50,$18.50,East,Online,False
21/11/2023,INV-00289,1201,Mug Set,1,$24.00,$24.00,South,In-store,False
30/04/2023,INV-00158,1187,Grinder,2,$129.00,$258.00,East,In-store,False
26/01/2023,INV-00732,1364,Milk Frother,3,$39.90,$119.70,,In-store,False
02/03/2024,INV-00654,1151,Filter Papers,1,$4.25,$4.25,South,In-store,False
29/05/2023,INV-00679,1227,Coffee Beans 1kg,1,$18.50,$18.50,West,Online,False
03/02/2024,INV-00310,1003,Coffee Beans 1kg,2,$18.50,$37.00,East,Online,False
14/07/2023,INV-00576,1305,Filter Papers,2,$4.25,$8.50,North,Online,False
13/03/2023,INV-00051,1325,Coffee Beans 1kg,2,$18.50,$37.00,East,Online,False
23/11/2023,INV-00541,1375,Mug Set,1,$24.00,$24.00,North,Online,False
28/04/2023,INV-00292,1208,Filter Papers,2,$4.25,$8.50,East,Online,False
05/08/2023,INV-00391,1235,Filter Papers,3,$4.25,$12.75,West,Online,False
29/09/2023,INV-00558,1252,Coffee Beans 1kg,2,$18.50,$37.00,South,In-store,False
19/04/2023,INV-00078,1148,Filter Papers,1,$4.25,$4.25,West,Online,False
07/09/2023,INV-00739,1109,Mug Set,2,$24.00,$48.00,South,Online,False
04/12/2023,INV-00622,1082,Filter Papers,2,$4.25,$8.50,South,Online,False
04/12/2023,INV-00609,1211,Filter Papers,2,$4.25,$8.50,North,In-store,False
16/05/2023,INV-00709,1299,Grinder,3,$129.00,$387.00,East,In-store,False
20/05/2023,INV-00574,1013,Filter Papers,3,$4.25,$12.75,East,Online,False
20/05/2023,INV-00405,1029,Filter Papers,3,$4.25,$12.75,North,Online,False
27/03/2024,INV-00104,1193,Filter Papers,1,$4.25,$4.25,South,Online,False
30/06/2024,INV-00739,1060,Coffee Beans 1kg,2,$18.50,$37.00,East,Online,False
18/09/2023,INV-00669,1209,Filter Papers,2,$4.25,$8.50,West,Online,False
17/06/2023,INV-00952,1225,Coffee Beans 1kg,3,$18.50,$55.50,East,In-store,False
24/06/2024,INV-00464,1117,Coffee Beans 1kg,2,$18.50,$37.00,South,Online,False
06/02/2023,INV-00720,1221,Filter Papers,1,$4.25,$4.25,East,Online,False
08/12/2023,INV-00988,1108,Coffee Beans 1kg,2,$18.50,$37.00,South,In-store,False
21/01/2024,INV-00488,1255,Grinder,2,$129.00,$258.00,North,Online,False
09/03/2024,INV-00654,1248,Grinder,2,$129.00,$258.00,East,In-store,False
21/06/2024,INV-00267,1055,Coffee Beans 1kg,2,$18.50,$37.00,East,Online,False
24/03/2024,INV-00466,1039,Coffee Beans 1kg,2,$18.50,$37.00,East,In-store,False
04/09/2023,INV-00953,1160,Coffee Beans 1kg,2,$18.50,$37.00,West,Online,False
14/10/2023,INV-00214,1050,Grinder,1,$129.00,$129.00,West,Online,False
26/07/2023,INV-00130,1147,Coffee Beans 1kg,1,$18.50,$18.50,North,In-store,False
17/01/2024,INV-00295,1074,Filter Papers,1,$4.25,$4.25,West,In-store,False
19/06/2024,INV-00221,1332,Coffee Beans 1kg,2,$18.50,$37.00,South,Online,False
11/09/2023,INV-00512,1137,Mug Set,2,$24.00,$48.00,South,Online,False
15/12/2023,INV-01148,1078,Coffee Beans 1kg,1,$18.50,$18.50,West,In-store,False
11/11/2023,INV-00051,1387,Coffee Beans 1kg,1,$18.50,$18.50,North,In-store,False
03/09/2023,INV-00467,1375,Mug Set,2,$24.00,$48.00,South,In-store,False
19/09/2023,INV-00976,1340,Coffee Beans 1kg,2,$18.50,$37.00,South,Online,False
11/12/2023,INV-00571,1118,Grinder,1,$129.00,$129.00,South,Online,False
03/10/2023,INV-00031,1174,Filter Papers,3,$4.25,$12.75,North,Online,False
20/06/2024,INV-00706,1274,Filter Papers,3,$4.25,$12.75,South,In-store,False
06/01/2024,INV-00844,1275,Coffee Beans 1kg,1,$18.50,$18.50,West,Online,False
05/09/2023,INV-00809,1061,Filter Papers,3,$4.25,$12.75,South,In-store,False
21/04/2024,INV-00154,1163,Grinder,2,$129.00,$258.00,North,In-store,False
28/12/2023,INV-00469,1118,Mug Set,2,$24.00,$48.00,North,Online,False
26/02/2023,INV-01017,1310,Coffee Beans 1kg,1,$18.50,$18.50,North,Online,False
28/03/2023,INV-00451,1114,Grinder,1,$129.00,$129.00,West,Online,False
08/05/2023,INV-00676,1279,Filter Papers,2,$4.25,$8.50,West,Online,False
18/12/2023,INV-00310,1006,Grinder,1,$129.00,$129.00,South,Online,False
14/07/2023,INV-00909,1004,Milk Frother,3,$39.90,$119.70,East,Online,False
12/02/2024,INV-00930,1223,Filter Papers,1,$4.25,$4.25,North,Online,False
14/03/2024,INV-00691,1238,Milk Frother,2,$39.90,$79.80,West,Online,False
12/08/2023,INV-00642,1272,Coffee Beans 1kg,3,$18.50,$55.50,South,Online,False
27/04/2023,INV-00763,1103,Coffee Beans 1kg,1,$18.50,$18.50,North,Online,False
08/09/2023,INV-00617,1066,Filter Papers,2,$4.25,$8.50,,In-store,False
10/10/2023,INV-01105,1369,Grinder,3,$129.00,$387.00,West,Online,False
08/06/2023,INV-00705,1067,Grinder,3,$129.00,$387.00,South,Online,False
18/12/2023,INV-00721,1248,Espresso Machine,2,$449.00,$898.00,South,Online,False
17/09/2023,INV-01149,1220,Coffee Beans 1kg,1,$18.50,$18.50,East,In-store,False
27/12/2023,INV-00024,1360,Coffee Beans 1kg,1,$18.50,$18.50,East,In-store,False
17/10/2023,INV-00786,1188,Mug Set,3,$24.00,$72.00,East,Online,False
22/03/2023,INV-00191,1325,Filter Papers,3,$4.25,$12.75,South,Online,False
01/01/2024,INV-00109,1395,Grinder,1,$129.00,$129.00,South,In-store,False
19/05/2023,INV-01174,1165,Grinder,2,$129.00,$258.00,West,In-store,False
20/03/2024,INV-01109,1003,Coffee Beans 1kg,1,$18.50,$18.50,South,In-store,False
20/01/2023,INV-00157,1358,Espresso Machine,3,$449.00,"$1,347.00",West,In-store,False
18/08/2023,INV-00334,1222,Filter Papers,1,$4.25,$4.25,South,Online,False
28/06/2024,INV-00303,1393,Coffee Beans 1kg,2,$18.50,$37.00,North,In-store,False
09/06/2024,INV-00001,1019,Coffee Beans 1kg,3,$18.50,$55.50,East,Online,False
15/02/2024,INV-00807,1092,Filter Papers,3,$4.25,$12.75,East,Online,False
26/11/2023,INV-00223,1368,Milk Frother,3,$39.90,$119.70,South,In-store,False
17/10/2023,INV-00600,1171,Filter Papers,3,$4.25,$12.75,North,Online,False
31/05/2023,INV-01195,1181,Mug Set,1,$24.00,$24.00,West,In-store,False
23/04/2024,INV-00240,1033,Grinder,1,$129.00,$129.00,South,In-store,False
26/11/2023,INV-00044,1360,Coffee Beans 1kg,3,$18.50,$55.50,North,Online,False
24/08/2023,INV-00743,1199,Coffee Beans 1kg,3,$18.50,$55.50,East,Online,False
31/01/2024,INV-00732,1236,Grinder,2,$129.00,$258.00,East,Online,False
09/01/2024,INV-00734,1180,Filter Papers,1,$4.25,$4.25,South,Online,False
15/03/2024,INV-00934,1259,Coffee Beans 1kg,3,$18.50,$55.50,West,Online,False
19/01/2023,INV-00123,1193,Grinder,1,$129.00,$129.00,North,Online,False
28/09/2023,INV-00074,1005,Coffee Beans 1kg,2,$18.50,$37.00,North,Online,False
08/10/2023,INV-00901,1054,Milk Frother,3,$39.90,$119.70,North,In-store,False
25/01/2024,INV-00283,1100,Mug Set,2,$24.00,$48.00,South,Online,False
15/07/2023,INV-00502,1204,Filter Papers,3,$4.25,$12.75,West,In-store,False
27/02/2024,INV-00105,1123,Milk Frother,1,$39.90,$39.90,South,Online,False
15/03/2023,INV-01026,1150,Filter Papers,1,$4.25,$4.25,South,Online,False
28/07/2023,INV-00645,1112,Coffee Beans 1kg,3,$18.50,$55.50,,Online,False
13/01/2024,INV-00315,1170,Coffee Beans 1kg,1,$18.50,$18.50,West,Online,False
24/05/2024,INV-00118,1294,Filter Papers,3,$4.25,$12.75,West,In-store,False
26/02/2023,INV-00887,1306,Coffee Beans 1kg,3,$18.50,$55.50,South,In-store,False
24/08/2023,INV-00317,1270,Coffee Beans 1kg,3,$18.50,$55.50,West,Online,False
24/03/2024,INV-01016,1201,Grinder,3,$129.00,$387.00,North,Online,False
16/07/2023,INV-00102,1019,Filter Papers,2,$4.25,$8.50,West,Online,False
22/01/2023,INV-00619,1008,Mug Set,3,$24.00,$72.00,North,In-store,False
17/04/2024,INV-00745,1297,Coffee Beans 1kg,1,$18.50,$18.50,South,Online,False
28/06/2024,INV-00828,1160,Espresso Machine,2,$449.00,$898.00,North,Online,False
31/10/2023,INV-00367,1359,Coffee Beans 1kg,2,$18.50,$37.00,East,Online,False
09/09/2023,INV-01000,1357,Coffee Beans 1kg,1,$18.50,$18.50,,In-store,False
13/01/2024,INV-00868,1254,Grinder,3,$129.00,$387.00,North,In-store,False
02/11/2023,INV-00892,1118,Grinder,2,$129.00,$258.00,West,In-store,False
09/12/2023,INV-00854,1184,Espresso Machine,3,$449.00,"$1,347.00",,Online,False
20/03/2023,INV-00649,1062,Mug Set,2,$24.00,$48.00,South,In-store,False
17/05/2024,INV-00055,1213,Mug Set,3,$24.00,$72.00,South,Online,False
02/01/2024,INV-01039,1003,Milk Frother,2,$39.90,$79.80,West,Online,False
17/10/2023,INV-00156,1042,Mug Set,3,$24.00,$72.00,North,Online,False
22/07/2023,INV-01004,1227,Mug Set,3,$24.00,$72.00,North,Online,False
22/09/2023,INV-00492,1246,Coffee Beans 1kg,1,$18.50,$18.50,East,In-store,False
01/02/2024,INV-00855,1086,Grinder,2,$129.00,$258.00,South,Online,False
13/05/2023,INV-00749,1349,Coffee Beans 1kg,2,$18.50,$37.00,West,Online,False
17/11/2023,INV-00173,1132,Grinder,2,$129.00,$258.00,West,In-store,False
18/03/2023,INV-00586,1117,Coffee Beans 1kg,3,$18.50,$55.50,South,Online,False
25/02/2023,INV-00994,1312,Coffee Beans 1kg,1,$18.50,$18.50,West,Online,False
22/02/2024,INV-00402,1264,Filter Papers,1,$4.25,$4.25,,In-store,False
27/05/2023,INV-00141,1355,Mug Set,1,$24.00,$24.00,West,Online,False
06/04/2023,INV-00350,1299,Coffee Beans 1kg,1,$18.50,$18.50,East,Online,False
27/08/2023,INV-00604,1093,Milk Frother,3,$39.90,$119.70,South,Online,False
12/09/2023,INV-00735,1185,Filter Papers,2,$4.25,$8.50,East,In-store,False
10/01/2023,INV-00830,1076,Filter Papers,3,$4.25,$12.75,East,Online,False
17/01/2024,INV-00743,1133,Filter Papers,2,$4.25,$8.50,,Online,False
09/10/2023,INV-00544,1115,Espresso Machine,1,$449.00,$449.00,North,In-store,False
15/06/2024,INV-00113,1361,Mug Set,2,$24.00,$48.00,North,Online,False
23/06/2023,INV-00630,1383,Grinder,1,$129.00,$129.00,East,Online,False
10/05/2024,INV-01126,1323,Grinder,3,$129.00,$387.00,East,Online,False
15/07/2023,INV-01096,1004,Espresso Machine,1,$449.00,$449.00,East,Online,False
17/03/2023,INV-00235,1181,Filter Papers,1,$4.25,$4.25,East,In-store,False
19/01/2023,INV-00466,1296,Coffee Beans 1kg,2,$18.50,$37.00,North,Online,False
07/03/2024,INV-00543,1312,Filter Papers,1,$4.25,$4.25,South,Online,False
08/04/2024,INV-00496,1378,Filter Papers,1,$4.25,$4.25,North,In-store,False
25/04/2023,INV-00620,1319,Filter Papers,1,$4.25,$4.25,North,Online,False
06/05/2023,INV-01190,1138,Coffee Beans 1kg,3,$18.50,$55.50,North,In-store,False
10/09/2023,INV-00029,1275,Filter Papers,1,$4.25,$4.25,South,Online,False
22/05/2023,INV-00313,1073,Milk Frother,2,$39.90,$79.80,North,Online,False
28/10/2023,INV-00216,1107,Milk Frother,3,$39.90,$119.70,North,In-store,False
01/06/2024,INV-00873,1339,Espresso Machine,2,$449.00,$898.00,South,In-store,False
21/07/2023,INV-00720,1272,Grinder,3,$129.00,$387.00,West,Online,False
21/01/2023,INV-00346,1063,Espresso Machine,2,$449.00,$898.00,South,Online,False
29/04/2023,INV-00883,1316,Filter Papers,3,$4.25,$12.75,North,Online,False
13/09/2023,INV-00295,1289,Coffee Beans 1kg,3,$18.50,$55.50,East,Online,False
19/12/2023,INV-00615,1000,Filter Papers,1,$4.25,$4.25,West,In-store,False
18/08/2023,INV-00114,1385,Coffee Beans 1kg,3,$18.50,$55.50,North,Online,False
05/06/2023,INV-00099,1085,Mug Set,2,$24.00,$48.00,West,In-store,False
19/02/2023,INV-01182,1145,Espresso Machine,3,$449.00,"$1,347.00",East,Online,False
20/04/2024,INV-00326,1311,Mug Set,2,$24.00,$48.00,East,Online,False
09/10/2023,INV-00033,1036,Coffee Beans 1kg,3,$18.50,$55.50,North,In-store,False
20/12/2023,INV-00497,1081,Coffee Beans 1kg,1,$18.50,$18.50,North,Online,False
23/07/2023,INV-00728,1208,Filter Papers,3,$4.25,$12.75,West,Online,False
03/04/2024,INV-00654,1013,Espresso Machine,1,$449.00,$449.00,South,Online,False
09/06/2024,INV-00554,1296,Filter Papers,1,$4.25,$4.25,West,Online,False
18/07/2023,INV-00193,1213,Coffee Beans 1kg,2,$18.50,$37.00,West,In-store,False
13/09/2023,INV-00283,1197,Filter Papers,1,$4.25,$4.25,South,Online,False
19/06/2023,INV-00166,1308,Filter Papers,2,$4.25,$8.50,South,In-store,False
12/03/2024,INV-00933,1145,Coffee Beans 1kg,3,$18.50,$55.50,North,Online,False
03/03/2024,INV-00696,1158,Coffee Beans 1kg,1,$18.50,$18.50,East,In-store,False
31/01/2023,INV-01115,1169,Coffee Beans 1kg,3,$18.50,$55.50,South,Online,False
24/05/2024,INV-00248,1239,Mug Set,1,$24.00,$24.00,West,In-store,False
21/08/2023,INV-00905,1282,Milk Frother,1,$39.90,$39.90,East,In-store,False
09/03/2023,INV-00369,1057,Espresso Machine,3,$449.00,"$1,347.00",West,Online,False
21/05/2024,INV-00654,1097,Coffee Beans 1kg,1,$18.50,$18.50,East,Online,False
28/04/2024,INV-00808,1218,Espresso Machine,2,$449.00,$898.00,West,Online,False
19/06/2023,INV-00189,1206,Grinder,2,$129.00,$258.00,North,Online,False
30/07/2023,INV-00341,1055,Coffee Beans 1kg,2,$18.50,$37.00,North,Online,False
15/05/2024,INV-00442,1051,Filter Papers,2,$4.25,$8.50,East,Online,False
17/10/2023,INV-00315,1160,Coffee Beans 1kg,1,$18.50,$18.50,South,Online,False
16/04/2024,INV-00856,1293,Mug Set,3,$24.00,$72.00,North,Online,False
18/05/2023,INV-01090,1017,Mug Set,1,$24.00,$24.00,East,In-store,False
28/01/2023,INV-01186,1277,Espresso Machine,3,$449.00,"$1,347.00",North,Online,False
01/01/2024,INV-00882,1021,Coffee Beans 1kg,2,$18.50,$37.00,East,Online,False
16/12/2023,INV-00762,1068,Filter Papers,3,$4.25,$12.75,West,In-store,False
30/09/2023,INV-00387,1224,Filter Papers,3,$4.25,$12.75,South,Online,False
17/03/2024,INV-00709,1094,Milk Frother,2,$39.90,$79.80,North,Online,False
24/10/2023,INV-00729,1039,Grinder,2,$129.00,$258.00,,Online,False
20/04/2024,INV-00490,1124,Coffee Beans 1kg,2,$18.50,$37.00,West,Online,False
17/06/2024,INV-00671,1223,Coffee Beans 1kg,2,$18.50,$37.00,North,Online,False
17/09/2023,INV-00767,1128,Filter Papers,1,$4.25,$4.25,North,In-store,False
23/06/2024,INV-00859,1213,Milk Frother,2,$39.90,$79.80,West,Online,False
22/05/2023,INV-00837,1124,Filter Papers,3,$4.25,$12.75,South,Online,False
10/09/2023,INV-00083,1138,Coffee Beans 1kg,1,$18.50,$18.50,West,Online,False
11/08/2023,INV-00148,1310,Filter Papers,1,$4.25,$4.25,East,In-store,False
21/06/2024,INV-01195,1026,Filter Papers,1,$4.25,$4.25,North,Online,False
30/06/2024,INV-00023,1013,Coffee Beans 1kg,3,$18.50,$55.50,North,Online,False
19/12/2023,INV-00117,1117,Grinder,1,$129.00,$129.00,East,Online,False
04/02/2024,INV-00229,1079,Coffee Beans 1kg,1,$18.50,$18.50,South,In-store,False
04/03/2024,INV-00617,1375,Espresso Machine,1,$449.00,$449.00,East,Online,False
18/09/2023,INV-00165,1261,Filter Papers,1,$4.25,$4.25,South,Online,False
28/05/2024,INV-00500,1351,Coffee Beans 1kg,1,$18.50,$18.50,North,Online,False
28/12/2023,INV-00091,1069,Mug Set,3,$24.00,$72.00,North,Online,False
04/03/2023,INV-00849,1041,Espresso Machine,1,$449.00,$449.00,East,Online,False
01/06/2024,INV-01174,1340,Coffee Beans 1kg,2,$18.50,$37.00,West,In-store,False
11/08/2023,INV-01017,1125,Mug Set,1,$24.00,$24.00,North,Online,False
17/05/2024,INV-01019,1316,Espresso Machine,1,$449.00,$449.00,West,Online,False
12/04/2023,INV-01037,1020,Milk Frother,1,$39.90,$39.90,East,Online,False
29/04/2023,INV-00997,1319,Espresso Machine,2,$449.00,$898.00,North,Online,False
28/06/2024,INV-00861,1225,Grinder,1,$129.00,$129.00,North,In-store,False
18/05/2024,INV-00556,1254,Milk Frother,3,$39.90,$119.70,North,In-store,False
16/05/2024,INV-01158,1018,Coffee Beans 1kg,3,$18.50,$55.50,South,Online,False
06/10/2023,INV-00442,1017,Coffee Beans 1kg,3,$18.50,$55.50,West,Online,False
30/12/2023,INV-00501,1031,Coffee Beans 1kg,1,$18.50,$18.50,South,Online,False
18/07/2023,INV-00496,1385,Coffee Beans 1kg,3,$18.50,$55.50,North,In-store,False
06/07/2023,INV-00947,1103,Milk Frother,1,$39.90,$39.90,North,Online,False
20/03/2023,INV-00517,1050,Mug Set,1,$24.00,$24.00,West,In-store,False
22/06/2024,INV-00638,1254,Coffee Beans 1kg,1,$18.50,$18.50,West,Online,False
25/11/2023,INV-01023,1013,Milk Frother,3,$39.90,$119.70,East,Online,False
24/11/2023,INV-00674,1000,Coffee Beans 1kg,3,$18.50,$55.50,East,Online,False
29/12/2023,INV-00240,1207,Coffee Beans 1kg,1,$18.50,$18.50,South,In-store,False
23/03/2024,INV-00930,1012,Coffee Beans 1kg,2,$18.50,$37.00,East,In-store,False
19/04/2023,INV-00490,1366,Filter Papers,3,$4.25,$12.75,East,Online,False
02/11/2023,INV-00067,1236,Espresso Machine,3,$449.00,"$1,347.00",South,Online,False
17/01/2024,INV-00616,1134,Coffee Beans 1kg,2,$18.50,$37.00,North,Online,False
02/12/2023,INV-00414,1215,Milk Frother,1,$39.90,$39.90,East,In-store,False
02/05/2024,INV-01026,1310,Coffee Beans 1kg,3,$18.50,$55.50,South,Online,False
07/09/2023,INV-00859,1110,Milk Frother,3,$39.90,$119.70,East,In-store,False
26/05/2024,INV-00700,1190,Coffee Beans 1kg,2,$18.50,$37.00,East,Online,False
04/11/2023,INV-00632,1002,Coffee Beans 1kg,3,$18.50,$55.50,South,In-store,False
18/12/2023,INV-00826,1034,Grinder,3,$129.00,$387.00,East,In-store,False
25/11/2023,INV-00505,1092,Mug Set,3,$24.00,$72.00,North,In-store,False
10/08/2023,INV-00182,1255,Filter Papers,2,$4.25,$8.50,West,Online,False
30/06/2023,INV-00992,1386,Coffee Beans 1kg,1,$18.50,$18.50,North,Online,False
25/06/2024,INV-00570,1385,Coffee Beans 1kg,3,$18.50,$55.50,North,Online,False
24/03/2024,INV-00911,1030,Grinder,1,$129.00,$129.00,East,In-store,False
31/12/2023,INV-00206,1276,Mug Set,2,$24.00,$48.00,East,Online,False
12/01/2023,INV-00434,1105,Filter Papers,2,$4.25,$8.50,East,Online,False
31/10/2023,INV-01123,1267,Milk Frother,1,$39.90,$39.90,North,Online,False
31/05/2024,INV-00388,1122,Grinder,1,$129.00,$129.00,West,Online,False
16/03/2024,INV-00329,1237,Espresso Machine,3,$449.00,"$1,347.00",South,Online,False
07/01/2023,INV-00199,1151,Milk Frother,2,$39.90,$79.80,South,Online,False
16/10/2023,INV-01033,1039,Espresso Machine,3,$449.00,"$1,347.00",West,Online,False
25/02/2024,INV-00061,1212,Milk Frother,1,$39.90,$39.90,North,Online,False
12/06/2024,INV-00555,1163,Grinder,2,$129.00,$258.00,South,Online,False
02/08/2023,INV-00197,1223,Coffee Beans 1kg,2,$18.50,$37.00,North,Online,False
14/01/2024,INV-00946,1084,Filter Papers,2,$4.25,$8.50,North,Online,False
09/02/2024,INV-00838,1200,Coffee Beans 1kg,2,$18.50,$37.00,East,Online,False
06/02/2024,INV-00422,1233,Mug Set,1,$24.00,$24.00,East,Online,False
18/11/2023,INV-00583,1308,Coffee Beans 1kg,3,$18.50,$55.50,North,In-store,False
29/05/2023,INV-00855,1207,Coffee Beans 1kg,1,$18.50,$18.50,South,Online,False
18/12/2023,INV-00290,1308,Grinder,2,$129.00,$258.00,South,Online,False
24/12/2023,INV-00289,1020,Milk Frother,3,$39.90,$119.70,South,Online,False
29/09/2023,INV-00518,1165,Filter Papers,2,$4.25,$8.50,East,Online,False
08/05/2023,INV-00517,1181,Coffee Beans 1kg,3,$18.50,$55.50,East,In-store,False
11/09/2023,INV-00143,1159,Filter Papers,3,$4.25,$12.75,West,Online,False
17/06/2024,INV-01109,1297,Coffee Beans 1kg,2,$18.50,$37.00,South,Online,False
23/08/2023,INV-00394,1117,Filter Papers,3,$4.25,$12.75,South,Online,False
22/02/2024,INV-00681,1139,Coffee Beans 1kg,3,$18.50,$55.50,North,In-store,False
14/03/2023,INV-00088,1230,Espresso Machine,2,$449.00,$898.00,East,In-store,False
21/04/2023,INV-01164,1251,Filter Papers,3,$4.25,$12.75,South,Online,False
17/04/2024,INV-00404,1390,Filter Papers,1,$4.25,$4.25,West,In-store,False
18/02/2023,INV-00084,1138,Mug Set,1,$24.00,$24.00,North,Online,False
18/07/2023,INV-00499,1340,Grinder,3,$129.00,$387.00,East,In-store,False
23/04/2023,INV-00007,1029,Coffee Beans 1kg,1,$18.50,$18.50,West,In-store,False
07/01/2024,INV-00794,1365,Grinder,3,$129.00,$387.00,West,In-store,False
09/05/2024,INV-01134,1049,Coffee Beans 1kg,2,$18.50,$37.00,East,Online,False
22/04/2023,INV-01092,1393,Filter Papers,2,$4.25,$8.50,East,Online,False
27/07/2023,INV-00068,1007,Grinder,1,$129.00,$129.00,South,In-store,False
20/06/2023,INV-00944,1224,Mug Set,2,$24.00,$48.00,East,In-store,False
06/05/2023,INV-01102,1015,Grinder,2,$129.00,$258.00,South,Online,False
21/05/2023,INV-00869,1289,Milk Frother,1,$39.90,$39.90,West,Online,False
12/05/2023,INV-00812,1275,Coffee Beans 1kg,1,$18.50,$18.50,South,In-store,False
28/02/2024,INV-01015,1319,Mug Set,3,$24.00,$72.00,North,Online,False
26/12/2023,INV-00450,1079,Coffee Beans 1kg,3,$18.50,$55.50,East,In-store,False
23/05/2023,INV-01004,1173,Filter Papers,2,$4.25,$8.50,North,In-store,False
14/02/2024,INV-00392,1345,Grinder,1,$129.00,$129.00,North,In-store,False
25/07/2023,INV-00342,1394,Mug Set,3,$24.00,$72.00,North,In-store,False
07/05/2024,INV-00860,1307,Coffee Beans 1kg,2,$18.50,$37.00,North,In-store,False
24/06/2024,INV-00932,1262,Filter Papers,2,$4.25,$8.50,South,Online,False
22/03/2024,INV-00874,1294,Coffee Beans 1kg,2,$18.50,$37.00,North,Online,False
04/02/2023,INV-00156,1227,Milk Frother,1,$39.90,$39.90,North,Online,False
06/03/2023,INV-00415,1267,Coffee Beans 1kg,2,$18.50,$37.00,North,Online,False
29/01/2024,INV-00307,1306,Coffee Beans 1kg,3,$18.50,$55.50,East,In-store,False
28/03/2024,INV-00108,1370,Mug Set,3,$24.00,$72.00,West,Online,False
15/05/2024,INV-00247,1061,Milk Frother,2,$39.90,$79.80,North,Online,False
05/06/2023,INV-00410,1218,Espresso Machine,2,$449.00,$898.00,East,Online,False
18/06/2024,INV-00319,1050,Mug Set,2,$24.00,$48.00,North,Online,False
21/04/2024,INV-00182,1109,Coffee Beans 1kg,2,$18.50,$37.00,North,Online,False
11/04/2024,INV-00741,1021,Coffee Beans 1kg,1,$18.50,$18.50,West,Online,False
16/01/2023,INV-00221,1281,Grinder,1,$129.00,$129.00,North,Online,False
24/10/2023,INV-00250,1043,Coffee Beans 1kg,1,$18.50,$18.50,West,Online,False
20/03/2024,INV-01162,1052,Coffee Beans 1kg,3,$18.50,$55.50,North,Online,False
30/03/2024,INV-01065,1253,Milk Frother,3,$39.90,$119.70,South,In-store,False
22/12/2023,INV-00031,1119,Grinder,2,$129.00,$258.00,South,Online,False
28/10/2023,INV-00087,1121,Coffee Beans 1kg,2,$18.50,$37.00,West,In-store,False
05/06/2023,INV-00322,1006,Coffee Beans 1kg,3,$18.50,$55.50,South,Online,False
11/09/2023,INV-00432,1001,Milk Frother,3,$39.90,$119.70,East,In-store,False
10/01/2024,INV-00025,1384,Filter Papers,1,$4.25,$4.25,South,Online,False
19/06/2023,INV-00523,1232,Coffee Beans 1kg,1,$18.50,$18.50,South,In-store,False
08/04/2023,INV-00961,1117,Filter Papers,2,$4.25,$8.50,South,Online,False
16/09/2023,INV-00092,1395,Espresso Machine,3,$449.00,"$1,347.00",West,In-store,False
24/10/2023,INV-00795,1342,Coffee Beans 1kg,2,$18.50,$37.00,South,Online,False
12/03/2023,INV-00223,1194,Filter Papers,1,$4.25,$4.25,West,Online,False
15/02/2024,INV-00266,1357,Coffee Beans 1kg,3,$18.50,$55.50,North,Online,False
21/06/2024,INV-01194,1098,Milk Frother,3,$39.90,$119.70,East,In-store,False
18/12/2023,INV-00066,1201,Milk Frother,1,$39.90,$39.90,East,Online,False
29/05/2023,INV-00587,1079,Coffee Beans 1kg,3,$18.50,$55.50,East,Online,False
09/01/2023,INV-00580,1299,Coffee Beans 1kg,2,$18.50,$37.00,East,Online,False
07/03/2023,INV-00972,1234,Grinder,3,$129.00,$387.00,West,Online,False
09/02/2023,INV-00977,1124,Filter Papers,3,$4.25,$12.75,East,Online,False
13/12/2023,INV-00397,1064,Coffee Beans 1kg,2,$18.50,$37.00,,Online,False
28/01/2023,INV-00351,1163,Filter Papers,3,$4.25,$12.75,West,Online,False
09/04/2024,INV-00154,1186,Coffee Beans 1kg,2,$18.50,$37.00,East,Online,False
04/01/2023,INV-00399,1362,Filter Papers,1,$4.25,$4.25,South,In-store,False
19/03/2023,INV-01049,1173,Grinder,3,$129.00,$387.00,East,Online,False
25/02/2023,INV-00709,1383,Filter Papers,1,$4.25,$4.25,South,In-store,False
28/03/2023,INV-00619,1108,Filter Papers,2,$4.25,$8.50,,Online,False
14/03/2024,INV-00232,1034,Coffee Beans 1kg,2,$18.50,$37.00,West,In-store,False
08/03/2023,INV-01156,1099,Grinder,1,$129.00,$129.00,West,In-store,False
02/01/2023,INV-01109,1325,Milk Frother,1,$39.90,$39.90,North,Online,False
20/03/2023,INV-00438,1314,Filter Papers,2,$4.25,$8.50,North,Online,False
18/05/2024,INV-00530,1318,Coffee Beans 1kg,3,$18.50,$55.50,North,In-store,False
09/12/2023,INV-00483,1184,Filter Papers,3,$4.25,$12.75,East,Online,False
06/12/2023,INV-00216,1170,Filter Papers,2,$4.25,$8.50,North,Online,False
22/05/2024,INV-00173,1320,Filter Papers,3,$4.25,$12.75,East,Online,False
19/04/2023,INV-00022,1010,Grinder,3,$129.00,$387.00,South,In-store,False
06/05/2024,INV-00518,1342,Grinder,1,$129.00,$129.00,,In-store,False
30/01/2023,INV-00999,1183,Coffee Beans 1kg,3,$18.50,$55.50,North,In-store,False
30/04/2024,INV-00339,1238,Mug Set,2,$24.00,$48.00,South,In-store,False
30/07/2023,INV-01001,1260,Filter Papers,2,$4.25,$8.50,West,Online,False
08/07/2023,INV-00462,1002,Grinder,3,$129.00,$387.00,South,Online,False
12/05/2023,INV-00052,1058,Mug Set,3,$24.00,$72.00,North,Online,False
02/01/2024,INV-00877,1212,Grinder,2,$129.00,$258.00,South,Online,False
20/12/2023,INV-00307,1226,Grinder,1,$129.00,$129.00,North,In-store,False
26/04/2024,INV-00680,1332,Coffee Beans 1kg,1,$18.50,$18.50,South,Online,False
29/11/2023,INV-00094,1362,Coffee Beans 1kg,2,$18.50,$37.00,West,Online,False
26/10/2023,INV-00597,1062,Milk Frother,3,$39.90,$119.70,North,Online,False
12/01/2024,INV-00990,1058,Filter Papers,3,$4.25,$12.75,East,In-store,False
12/02/2023,INV-00719,1196,Milk Frother,2,$39.90,$79.80,,Online,False
20/01/2024,INV-00241,1273,Filter Papers,1,$4.25,$4.25,South,Online,False
23/05/2024,INV-00076,1254,Filter Papers,3,$4.25,$12.75,East,Online,False
11/05/2024,INV-01073,1156,Coffee Beans 1kg,2,$18.50,$37.00,North,Online,False
12/09/2023,INV-00336,1202,Mug Set,1,$24.00,$24.00,South,Online,False
12/07/2023,INV-00542,1307,Coffee Beans 1kg,1,$18.50,$18.50,East,Online,False
11/01/2024,INV-01133,1144,Grinder,3,$129.00,$387.00,South,Online,False
27/05/2024,INV-01121,1245,Espresso Machine,1,$449.00,$449.00,West,In-store,False
30/01/2023,INV-00271,1044,Mug Set,3,$24.00,$72.00,East,Online,False
05/02/2024,INV-00817,1163,Filter Papers,3,$4.25,$12.75,South,In-store,False
12/07/2023,INV-01029,1270,Coffee Beans 1kg,1,$18.50,$18.50,North,In-store,False
09/11/2023,INV-00898,1198,Grinder,1,$129.00,$129.00,,Online,False
25/06/2023,INV-00702,1111,Coffee Beans 1kg,3,$18.50,$55.50,South,In-store,False
17/01/2023,INV-00623,1026,Filter Papers,1,$4.25,$4.25,East,In-store,False
03/06/2024,INV-00039,1165,Mug Set,3,$24.00,$72.00,South,In-store,False
28/11/2023,INV-00022,1299,Coffee Beans 1kg,1,$18.50,$18.50,East,In-store,False
29/10/2023,INV-00420,1081,Espresso Machine,3,$449.00,"$1,347.00",North,Online,False
09/02/2023,INV-00047,1130,Grinder,1,$129.00,$129.00,East,Online,False
05/08/2023,INV-01191,1089,Coffee Beans 1kg,3,$18.50,$55.50,South,In-store,False
23/09/2023,INV-00179,1386,Coffee Beans 1kg,2,$18.50,$37.00,East,In-store,False
09/02/2024,INV-01167,1225,Mug Set,1,$24.00,$24.00,South,In-store,False
01/01/2024,INV-00372,1352,Grinder,2,$129.00,$258.00,North,Online,False
12/05/2023,INV-00132,1184,Coffee Beans 1kg,2,$18.50,$37.00,North,In-store,False
01/04/2024,INV-00726,1050,Filter Papers,1,$4.25,$4.25,East,In-store,False
18/04/2023,INV-00304,1213,Coffee Beans 1kg,2,$18.50,$37.00,South,Online,False
08/08/2023,INV-00509,1387,Mug Set,2,$24.00,$48.00,South,Online,False
24/02/2024,INV-00186,1292,Espresso Machine,2,$449.00,$898.00,East,Online,False
21/02/2023,INV-01073,1146,Coffee Beans 1kg,1,$18.50,$18.50,East,In-store,False
09/04/2023,INV-00324,1279,Coffee Beans 1kg,3,$18.50,$55.50,North,In-store,False
07/12/2023,INV-00112,1283,Filter Papers,3,$4.25,$12.75,,Online,False
29/04/2023,INV-00887,1094,Espresso Machine,3,$449.00,"$1,347.00",South,Online,False
25/12/2023,INV-00859,1367,Grinder,2,$129.00,$258.00,South,Online,False
15/09/2023,INV-00229,1222,Mug Set,1,$24.00,$24.00,South,Online,False
28/10/2023,INV-00174,1083,Coffee Beans 1kg,2,$18.50,$37.00,South,Online,False
13/05/2023,INV-00431,1287,Grinder,1,$129.00,$129.00,North,Online,False
18/03/2024,INV-00199,1106,Milk Frother,2,$39.90,$79.80,West,In-store,False
13/04/2024,INV-00929,1005,Coffee Beans 1kg,2,$18.50,$37.00,West,In-store,False
18/08/2023,INV-00553,1359,Filter Papers,3,$4.25,$12.75,West,Online,False
26/09/2023,INV-00598,1040,Grinder,2,$129.00,$258.00,West,Online,False
13/07/2023,INV-01191,1226,Grinder,3,$129.00,$387.00,West,Online,False
07/04/2024,INV-00928,1013,Grinder,3,$129.00,$387.00,East,In-store,False
20/04/2023,INV-00347,1156,Coffee Beans 1kg,1,$18.50,$18.50,South,Online,False
16/06/2024,INV-00900,1370,Filter Papers,2,$4.25,$8.50,North,In-store,False
25/06/2024,INV-00802,1201,Filter Papers,2,$4.25,$8.50,East,In-store,False
23/05/2023,INV-00048,1171,Filter Papers,3,$4.25,$12.75,,In-store,False
03/11/2023,INV-00493,1271,Filter Papers,3,$4.25,$12.75,North,In-store,False
10/08/2023,INV-00181,1003,Coffee Beans 1kg,3,$18.50,$55.50,West,Online,False
14/09/2023,INV-00683,1112,Coffee Beans 1kg,2,$18.50,$37.00,North,Online,False
04/02/2024,INV-00661,1128,Coffee Beans 1kg,2,$18.50,$37.00,North,In-store,False
12/01/2023,INV-00714,1001,Filter Papers,2,$4.25,$8.50,East,In-store,False
19/04/2023,INV-00308,1057,Mug Set,3,$24.00,$72.00,North,In-store,False
03/12/2023,INV-00876,1107,Mug Set,1,$24.00,$24.00,South,Online,False
28/10/2023,INV-00606,1186,Coffee Beans 1kg,1,$18.50,$18.50,South,Online,False
09/05/2023,INV-00603,1356,Filter Papers,1,$4.25,$4.25,North,Online,False
17/06/2024,INV-00622,1029,Coffee Beans 1kg,1,$18.50,$18.50,North,In-store,False
17/04/2023,INV-00201,1142,Coffee Beans 1kg,1,$18.50,$18.50,South,Online,False
10/05/2023,INV-00320,1150,Coffee Beans 1kg,2,$18.50,$37.00,West,In-store,False
25/06/2023,INV-00853,1097,Coffee Beans 1kg,3,$18.50,$55.50,West,Online,False
04/12/2023,INV-00295,1322,Espresso Machine,3,$449.00,"$1,347.00",North,Online,False
20/01/2024,INV-01105,1149,Coffee Beans 1kg,1,$18.50,$18.50,East,Online,False
08/06/2023,INV-00922,1358,Filter Papers,3,$4.25,$12.75,North,Online,False
08/04/2024,INV-00877,1212,Grinder,2,$129.00,$258.00,South,Online,False
10/02/2024,INV-00116,1077,Grinder,3,$129.00,$387.00,East,Online,False
24/05/2023,INV-00030,1389,Coffee Beans 1kg,1,$18.50,$18.50,West,Online,False
01/02/2024,INV-01129,1093,Coffee Beans 1kg,3,$18.50,$55.50,East,Online,False
07/03/2024,INV-01063,1254,Coffee Beans 1kg,1,$18.50,$18.50,West,Online,False
08/06/2024,INV-00759,1069,Espresso Machine,3,$449.00,"$1,347.00",West,In-store,False
22/11/2023,INV-00861,1033,Mug Set,2,$24.00,$48.00,East,In-store,False
11/08/2023,INV-01026,1127,Grinder,1,$129.00,$129.00,South,Online,False
26/12/2023,INV-00659,1348,Coffee Beans 1kg,1,$18.50,$18.50,South,Online,False
10/03/2024,INV-01115,1228,Coffee Beans 1kg,3,$18.50,$55.50,East,In-store,False
28/07/2023,INV-00269,1257,Grinder,1,$129.00,$129.00,West,In-store,False
15/05/2023,INV-01072,1250,Coffee Beans 1kg,1,$18.50,$18.50,East,Online,False
17/01/2023,INV-00244,1206,Mug Set,2,$24.00,$48.00,North,Online,False
21/08/2023,INV-00342,1230,Coffee Beans 1kg,3,$18.50,$55.50,South,Online,False
05/02/2024,INV-00916,1025,Filter Papers,2,$4.25,$8.50,South,Online,False
12/07/2023,INV-00329,1288,Filter Papers,2,$4.25,$8.50,North,Online,False
07/02/2024,INV-00883,1086,Grinder,1,$129.00,$129.00,West,Online,False
26/09/2023,INV-00908,1236,Milk Frother,2,$39.90,$79.80,East,In-store,False
05/11/2023,INV-00274,1258,Milk Frother,3,$39.90,$119.70,North,In-store,False
24/04/2024,INV-00205,1305,Coffee Beans 1kg,1,$18.50,$18.50,West,Online,False
22/02/2024,INV-00479,1098,Espresso Machine,2,$449.00,$898.00,North,In-store,False
02/10/2023,INV-00531,1205,Coffee Beans 1kg,3,$18.50,$55.50,North,Online,False
03/03/2024,INV-00319,1325,Coffee Beans 1kg,1,$18.50,$18.50,South,Online,False
21/01/2024,INV-00427,1002,Espresso Machine,2,$449.00,$898.00,East,In-store,False
28/06/2024,INV-00029,1081,Coffee Beans 1kg,3,$18.50,$55.50,West,In-store,False
30/07/2023,INV-00159,1071,Coffee Beans 1kg,2,$18.50,$37.00,West,Online,False
16/03/2023,INV-00459,1297,Mug Set,2,$24.00,$48.00,East,In-store,False
04/02/2024,INV-01105,1383,Coffee Beans 1kg,2,$18.50,$37.00,East,In-store,False
24/07/2023,INV-00052,1286,Coffee Beans 1kg,1,$18.50,$18.50,North,In-store,False
17/03/2023,INV-00275,1370,Filter Papers,1,$4.25,$4.25,East,In-store,False
17/02/2024,INV-01024,1124,Coffee Beans 1kg,1,$18.50,$18.50,West,Online,False
10/05/2024,INV-00932,1313,Filter Papers,1,$4.25,$4.25,South,Online,False
17/02/2024,INV-00670,1216,Mug Set,3,$24.00,$72.00,West,In-store,False
30/08/2023,INV-00702,1360,Coffee Beans 1kg,1,$18.50,$18.50,,Online,False
19/08/2023,INV-00083,1370,Coffee Beans 1kg,2,$18.50,$37.00,East,In-store,False
14/02/2023,INV-00838,1332,Filter Papers,2,$4.25,$8.50,South,In-store,False
19/12/2023,INV-01175,1100,Milk Frother,2,$39.90,$79.80,West,Online,False
11/08/2023,INV-00316,1396,Espresso Machine,2,$449.00,$898.00,South,In-store,False
15/03/2023,INV-00878,1321,Filter Papers,3,$4.25,$12.75,South,Online,False
24/02/2023,INV-00402,1280,Coffee Beans 1kg,3,$18.50,$55.50,East,In-store,False
10/06/2024,INV-00722,1235,Filter Papers,3,$4.25,$12.75,North,Online,False
15/01/2024,INV-00099,1241,Filter Papers,1,$4.25,$4.25,West,In-store,False
15/08/2023,INV-00456,1089,Grinder,3,$129.00,$387.00,North,Online,False
28/01/2024,INV-00647,1076,Filter Papers,2,$4.25,$8.50,East,In-store,False
24/02/2024,INV-00019,1194,Filter Papers,2,$4.25,$8.50,West,Online,False
04/10/2023,INV-00365,1368,Grinder,3,$129.00,$387.00,East,Online,False
20/01/2023,INV-00092,1075,Mug Set,1,$24.00,$24.00,West,Online,False
03/06/2023,INV-00410,1122,Filter Papers,3,$4.25,$12.75,North,Online,False
01/09/2023,INV-00229,1214,Filter Papers,3,$4.25,$12.75,South,In-store,False
18/04/2024,INV-00922,1297,Mug Set,3,$24.00,$72.00,West,In-store,False
07/12/2023,INV-00086,1236,Coffee Beans 1kg,1,$18.50,$18.50,West,In-store,False
14/08/2023,INV-01177,1314,Milk Frother,1,$39.90,$39.90,West,Online,False
12/05/2023,INV-01156,1323,Coffee Beans 1kg,1,$18.50,$18.50,North,In-store,False
01/01/2023,INV-00638,1079,Espresso Machine,1,$449.00,$449.00,West,Online,False
31/05/2024,INV-01198,1280,Grinder,2,$129.00,$258.00,North,Online,False
25/01/2023,INV-01022,1191,Filter Papers,3,$4.25,$12.75,West,Online,False
04/06/2023,INV-00162,1034,Mug Set,2,$24.00,$48.00,North,Online,False
29/05/2023,INV-00627,1187,Coffee Beans 1kg,1,$18.50,$18.50,,In-store,False
22/11/2023,INV-01016,1294,Coffee Beans 1kg,1,$18.50,$18.50,East,In-store,False
03/05/2023,INV-00065,1327,Mug Set,1,$24.00,$24.00,East,Online,False
13/07/2023,INV-01062,1117,Coffee Beans 1kg,2,$18.50,$37.00,West,Online,False
19/03/2023,INV-00298,1345,Grinder,3,$129.00,$387.00,West,In-store,False
22/06/2024,INV-01156,1099,Coffee Beans 1kg,1,$18.50,$18.50,South,Online,False
10/03/2023,INV-01192,1229,Coffee Beans 1kg,2,$18.50,$37.00,East,Online,False
06/05/2023,INV-00371,1360,Coffee Beans 1kg,1,$18.50,$18.50,East,In-store,False
25/05/2023,INV-00274,1046,Filter Papers,3,$4.25,$12.75,West,Online,False
24/03/2024,INV-00622,1370,Milk Frother,1,$39.90,$39.90,South,In-store,False
17/10/2023,INV-00217,1201,Filter Papers,2,$4.25,$8.50,South,Online,False
07/05/2023,INV-00714,1122,Mug Set,2,$24.00,$48.00,,In-store,False
22/02/2023,INV-00110,1190,Coffee Beans 1kg,1,$18.50,$18.50,East,Online,False
12/04/2024,INV-00509,1077,Coffee Beans 1kg,3,$18.50,$55.50,East,In-store,False
23/06/2024,INV-00295,1259,Grinder,3,$129.00,$387.00,South,Online,False
29/04/2024,INV-00456,1194,Coffee Beans 1kg,3,$18.50,$55.50,North,In-store,False
05/05/2024,INV-00956,1389,Filter Papers,2,$4.25,$8.50,North,Online,False
26/07/2023,INV-00550,1144,Mug Set,3,$24.00,$72.00,East,In-store,False
06/06/2024,INV-01119,1092,Coffee Beans 1kg,2,$18.50,$37.00,East,Online,False
31/03/2024,INV-01174,1389,Grinder,2,$129.00,$258.00,East,Online,False
07/10/2023,INV-00119,1088,Coffee Beans 1kg,1,$18.50,$18.50,East,In-store,False
19/09/2023,INV-00642,1101,Coffee Beans 1kg,2,$18.50,$37.00,East,Online,False
19/02/2023,INV-00416,1285,Mug Set,1,$24.00,$24.00,South,Online,False
08/08/2023,INV-00963,1347,Milk Frother,1,$39.90,$39.90,East,Online,False
03/05/2023,INV-00486,1392,Coffee Beans 1kg,3,$18.50,$55.50,South,Online,False
09/07/2023,INV-00829,1187,Filter Papers,3,$4.25,$12.75,East,Online,False
03/09/2023,INV-00994,1141,Mug Set,3,$24.00,$72.00,East,Online,False
27/09/2023,INV-00289,1248,Coffee Beans 1kg,3,$18.50,$55.50,South,Online,False
18/04/2024,INV-00752,1338,Espresso Machine,1,$449.00,$449.00,South,In-store,False
01/12/2023,INV-00779,1377,Coffee Beans 1kg,1,$18.50,$18.50,South,Online,False
13/01/2024,INV-00329,1059,Filter Papers,1,$4.25,$4.25,North,Online,False
17/04/2023,INV-00906,1201,Coffee Beans 1kg,1,$18.50,$18.50,North,In-store,False
20/01/2023,INV-00066,1317,Coffee Beans 1kg,3,$18.50,$55.50,East,In-store,False
03/10/2023,INV-00425,1295,Coffee Beans 1kg,1,$18.50,$18.50,South,Online,False
14/08/2023,INV-00532,1081,Milk Frother,2,$39.90,$79.80,South,In-store,False
15/05/2023,INV-01136,1327,Milk Frother,1,$39.90,$39.90,West,Online,False
06/04/2023,INV-00166,1177,Filter Papers,3,$4.25,$12.75,East,Online,False
27/05/2024,INV-00192,1335,Filter Papers,3,$4.25,$12.75,South,In-store,False
06/11/2023,INV-00254,1275,Mug Set,2,$24.00,$48.00,North,Online,False
27/05/2024,INV-00198,1190,Grinder,1,$129.00,$129.00,East,Online,False
02/04/2023,INV-00214,1055,Coffee Beans 1kg,1,$18.50,$18.50,North,Online,False
13/07/2023,INV-00164,1294,Coffee Beans 1kg,1,$18.50,$18.50,North,Online,False
01/10/2023,INV-01086,1250,Coffee Beans 1kg,3,$18.50,$55.50,North,In-store,False
26/09/2023,INV-01162,1060,Grinder,2,$129.00,$258.00,South,Online,False
19/07/2023,INV-00995,1222,Milk Frother,1,$39.90,$39.90,East,Online,False
26/05/2024,INV-00734,1020,Grinder,1,$129.00,$129.00,North,Online,False
21/04/2023,INV-00293,1107,Grinder,3,$129.00,$387.00,East,Online,False
12/06/2024,INV-00947,1357,Grinder,2,$129.00,$258.00,South,Online,False
13/08/2023,INV-01033,1364,Coffee Beans 1kg,3,$18.50,$55.50,East,Online,False
10/06/2023,INV-00836,1029,Coffee Beans 1kg,2,$18.50,$37.00,East,Online,False
02/04/2023,INV-00254,1184,Coffee Beans 1kg,3,$18.50,$55.50,West,In-store,False
18/12/2023,INV-00678,1025,Mug Set,2,$24.00,$48.00,West,Online,False
16/06/2024,INV-01012,1229,Grinder,1,$129.00,$129.00,North,In-store,False
30/05/2024,INV-00339,1313,Grinder,1,$129.00,$129.00,South,Online,False
12/03/2023,INV-00681,1222,Grinder,1,$129.00,$129.00,West,Online,False
22/03/2023,INV-00674,1065,Filter Papers,2,$4.25,$8.50,South,Online,False
27/05/2023,INV-01012,1316,Milk Frother,1,$39.90,$39.90,West,Online,False
08/09/2023,INV-00615,1029,Coffee Beans 1kg,1,$18.50,$18.50,South,Online,False
19/12/2023,INV-00850,1124,Espresso Machine,3,$449.00,"$1,347.00",North,Online,False
30/05/2024,INV-00866,1128,Grinder,3,$129.00,$387.00,North,Online,False
05/01/2023,INV-00879,1366,Coffee Beans 1kg,1,$18.50,$18.50,South,Online,False
17/04/2024,INV-00222,1269,Coffee Beans 1kg,1,$18.50,$18.50,North,Online,False
24/09/2023,INV-00714,1326,Filter Papers,2,$4.25,$8.50,South,In-store,False
30/05/2024,INV-00778,1048,Grinder,1,$129.00,$129.00,North,Online,False
15/03/2023,INV-00515,1222,Coffee Beans 1kg,3,$18.50,$55.50,West,Online,False
23/08/2023,INV-00299,1345,Filter Papers,1,$4.25,$4.25,West,In-store,False
11/12/2023,INV-00825,1111,Espresso Machine,2,$449.00,$898.00,North,Online,False
28/09/2023,INV-00668,1388,Grinder,3,$129.00,$387.00,West,Online,False
02/04/2023,INV-00973,1184,Espresso Machine,1,$449.00,$449.00,North,Online,False
17/05/2024,INV-01180,1259,Filter Papers,1,$4.25,$4.25,South,In-store,False
22/01/2024,INV-00252,1078,Coffee Beans 1kg,1,$18.50,$18.50,West,In-store,False
27/11/2023,INV-00531,1291,Coffee Beans 1kg,2,$18.50,$37.00,North,In-store,False
16/12/2023,INV-00576,1161,Coffee Beans 1kg,3,$18.50,$55.50,West,Online,False
16/02/2023,INV-00541,1069,Mug Set,1,$24.00,$24.00,West,Online,False
27/08/2023,INV-00714,1253,Filter Papers,3,$4.25,$12.75,West,Online,False
19/03/2024,INV-00786,1254,Grinder,1,$129.00,$129.00,North,Online,False
02/12/2023,INV-00287,1091,Filter Papers,3,$4.25,$12.75,North,Online,False
06/03/2023,INV-00489,1389,Filter Papers,3,$4.25,$12.75,East,Online,False
14/01/2023,INV-00971,1075,Coffee Beans 1kg,3,$18.50,$55.50,East,In-store,False
25/02/2023,INV-01077,1370,Filter Papers,2,$4.25,$8.50,South,Online,False
19/04/2023,INV-00057,1188,Mug Set,1,$24.00,$24.00,South,In-store,False
16/02/2023,INV-00941,1137,Espresso Machine,2,$449.00,$898.00,South,In-store,False
09/02/2023,INV-00154,1218,Espresso Machine,1,$449.00,$449.00,North,Online,False
14/09/2023,INV-01047,1278,Filter Papers,3,$4.25,$12.75,West,Online,False
21/09/2023,INV-01099,1050,Milk Frother,1,$39.90,$39.90,West,Online,False
28/02/2024,INV-00215,1066,Espresso Machine,3,$449.00,"$1,347.00",West,In-store,False
15/06/2024,INV-00718,1161,Coffee Beans 1kg,1,$18.50,$18.50,North,In-store,False
12/11/2023,INV-00848,1245,Mug Set,2,$24.00,$48.00,South,Online,False
30/01/2024,INV-01195,1007,Coffee Beans 1kg,2,$18.50,$37.00,South,Online,False
18/04/2024,INV-00423,1245,Grinder,3,$129.00,$387.00,East,In-store,False
15/12/2023,INV-00465,1162,Filter Papers,1,$4.25,$4.25,North,Online,False
12/01/2023,INV-00810,1080,Mug Set,2,$24.00,$48.00,West,Online,False
12/12/2023,INV-00512,1005,Filter Papers,2,$4.25,$8.50,West,Online,False
06/05/2024,INV-00152,1130,Filter Papers,3,$4.25,$12.75,East,In-store,False
14/11/2023,INV-00271,1056,Coffee Beans 1kg,2,$18.50,$37.00,West,Online,False
23/02/2024,INV-00480,1345,Grinder,2,$129.00,$258.00,North,In-store,False
19/03/2024,INV-00804,1353,Milk Frother,3,$39.90,$119.70,East,Online,False
21/03/2024,INV-00922,1089,Coffee Beans 1kg,2,$18.50,$37.00,East,Online,False
11/08/2023,INV-00527,1207,Coffee Beans 1kg,2,$18.50,$37.00,North,In-store,False
16/07/2023,INV-01199,1113,Coffee Beans 1kg,3,$18.50,$55.50,East,Online,False
03/01/2023,INV-00263,1200,Filter Papers,1,$4.25,$4.25,West,Online,False
09/04/2024,INV-00246,1184,Coffee Beans 1kg,3,$18.50,$55.50,South,Online,False
31/10/2023,INV-01143,1355,Espresso Machine,2,$449.00,$898.00,South,In-store,False
28/06/2023,INV-00831,1078,Coffee Beans 1kg,1,$18.50,$18.50,West,Online,False
04/05/2024,INV-00326,1237,Coffee Beans 1kg,1,$18.50,$18.50,North,In-store,False
13/02/2024,INV-00038,1193,Filter Papers,3,$4.25,$12.75,East,Online,False
13/02/2023,INV-01023,1078,Coffee Beans 1kg,2,$18.50,$37.00,,Online,False
11/03/2024,INV-00665,1140,Coffee Beans 1kg,1,$18.50,$18.50,North,Online,False
26/11/2023,INV-00023,1306,Espresso Machine,2,$449.00,$898.00,South,Online,False
10/03/2024,INV-00847,1172,Coffee Beans 1kg,1,$18.50,$18.50,West,Online,False
11/01/2023,INV-00634,1242,Mug Set,1,$24.00,$24.00,East,Online,False
12/09/2023,INV-00722,1246,Filter Papers,3,$4.25,$12.75,South,Online,False
11/05/2024,INV-00923,1122,Milk Frother,2,$39.90,$79.80,South,Online,False
27/08/2023,INV-01050,1345,Milk Frother,1,$39.90,$39.90,North,In-store,False
29/10/2023,INV-00279,1377,Espresso Machine,3,$449.00,"$1,347.00",West,In-store,False
25/11/2023,INV-00126,1142,Filter Papers,1,$4.25,$4.25,North,Online,False
03/04/2024,INV-00779,1020,Filter Papers,2,$4.25,$8.50,West,In-store,False
04/05/2024,INV-00894,1205,Espresso Machine,3,$449.00,"$1,347.00",North,Online,False
20/02/2024,INV-01094,1293,Coffee Beans 1kg,2,$18.50,$37.00,East,In-store,False
23/08/2023,INV-01107,1040,Filter Papers,2,$4.25,$8.50,East,Online,False
07/11/2023,INV-01026,1080,Milk Frother,1,$39.90,$39.90,North,In-store,False
03/06/2024,INV-00784,1326,Filter Papers,2,$4.25,$8.50,West,Online,False
16/03/2023,INV-00519,1215,Coffee Beans 1kg,1,$18.50,$18.50,North,In-store,False
28/06/2024,INV-00291,1148,Filter Papers,1,$4.25,$4.25,West,In-store,False
02/03/2023,INV-01126,1355,Grinder,1,$129.00,$129.00,West,In-store,False
17/07/2023,INV-00249,1390,Mug Set,2,$24.00,$48.00,East,Online,False
16/05/2024,INV-00843,1152,Coffee Beans 1kg,3,$18.50,$55.50,West,Online,False
16/08/2023,INV-00085,1298,Grinder,2,$129.00,$258.00,West,Online,False
19/01/2023,INV-01004,1298,Coffee Beans 1kg,2,$18.50,$37.00,South,Online,False
20/04/2023,INV-00738,1303,Grinder,3,$129.00,$387.00,North,Online,False
20/02/2023,INV-01027,1043,Grinder,3,$129.00,$387.00,,Online,False
17/04/2024,INV-00592,1269,Grinder,2,$129.00,$258.00,South,Online,False
22/01/2024,INV-00399,1347,Grinder,1,$129.00,$129.00,East,Online,False
24/03/2023,INV-00608,1045,Milk Frother,2,$39.90,$79.80,East,Online,False
19/10/2023,INV-00817,1385,Espresso Machine,3,$449.00,"$1,347.00",East,Online,False
26/04/2024,INV-00162,1333,Milk Frother,3,$39.90,$119.70,South,In-store,False
05/10/2023,INV-00369,1241,Coffee Beans 1kg,1,$18.50,$18.50,West,In-store,False
08/09/2023,INV-00715,1188,Filter Papers,3,$4.25,$12.75,North,Online,False
30/05/2023,INV-00409,1090,Coffee Beans 1kg,1,$18.50,$18.50,North,Online,False
23/07/2023,INV-00371,1274,Coffee Beans 1kg,1,$18.50,$18.50,South,Online,False
05/04/2024,INV-00025,1120,Milk Frother,3,$39.90,$119.70,East,Online,False
01/09/2023,INV-00470,1301,Coffee Beans 1kg,1,$18.50,$18.50,South,Online,False
14/10/2023,INV-00397,1030,Espresso Machine,1,$449.00,$449.00,East,Online,False
09/05/2024,INV-00605,1014,Espresso Machine,2,$449.00,$898.00,South,In-store,False
14/07/2023,INV-00163,1132,Grinder,3,$129.00,$387.00,South,Online,False
14/06/2023,INV-00947,1368,Filter Papers,1,$4.25,$4.25,East,In-store,False
06/01/2023,INV-00524,1176,Espresso Machine,3,$449.00,"$1,347.00",West,Online,False
06/04/2023,INV-00108,1000,Coffee Beans 1kg,1,$18.50,$18.50,East,In-store,False
18/02/2024,INV-01191,1386,Milk Frother,2,$39.90,$79.80,South,Online,False
07/03/2024,INV-01102,1331,Coffee Beans 1kg,1,$18.50,$18.50,East,In-store,False
11/05/2024,INV-00831,1336,Coffee Beans 1kg,2,$18.50,$37.00,South,Online,False
02/11/2023,INV-01056,1210,Filter Papers,2,$4.25,$8.50,,In-store,False
15/02/2024,INV-00869,1043,Filter Papers,3,$4.25,$12.75,East,In-store,False
27/02/2023,INV-00168,1149,Mug Set,3,$24.00,$72.00,West,In-store,False
10/05/2023,INV-00895,1003,Mug Set,1,$24.00,$24.00,South,Online,False
11/01/2023,INV-00648,1317,Espresso Machine,3,$449.00,"$1,347.00",East,In-store,False
20/06/2023,INV-00309,1386,Filter Papers,2,$4.25,$8.50,East,In-store,False
19/04/2024,INV-01099,1258,Coffee Beans 1kg,3,$18.50,$55.50,West,Online,False
11/06/2024,INV-00076,1101,Grinder,1,$129.00,$129.00,West,Online,False
24/02/2023,INV-00372,1326,Coffee Beans 1kg,3,$18.50,$55.50,East,In-store,False
04/05/2023,INV-00159,1234,Filter Papers,2,$4.25,$8.50,South,Online,False
06/12/2023,INV-01022,1260,Mug Set,2,$24.00,$48.00,South,Online,False
03/06/2023,INV-00328,1293,Coffee Beans 1kg,1,$18.50,$18.50,North,Online,False
13/06/2023,INV-00405,1257,Coffee Beans 1kg,3,$18.50,$55.50,West,Online,False
17/07/2023,INV-00273,1077,Grinder,3,$129.00,$387.00,North,In-store,False
29/05/2024,INV-00998,1194,Espresso Machine,1,$449.00,$449.00,West,In-store,False
09/04/2024,INV-00776,1369,Mug Set,1,$24.00,$24.00,North,Online,False
14/08/2023,INV-00341,1273,Milk Frother,2,$39.90,$79.80,North,Online,False
28/10/2023,INV-01075,1330,Grinder,2,$129.00,$258.00,West,Online,False
26/10/2023,INV-00574,1252,Grinder,3,$129.00,$387.00,South,In-store,False
20/04/2023,INV-01152,1301,Coffee Beans 1kg,1,$18.50,$18.50,West,Online,False
08/11/2023,INV-00340,1158,Coffee Beans 1kg,1,$18.50,$18.50,,Online,False
16/04/2023,INV-00281,1275,Filter Papers,2,$4.25,$8.50,South,Online,False
16/10/2023,INV-00344,1305,Grinder,2,$129.00,$258.00,East,Online,False
21/05/2024,INV-00918,1209,Grinder,1,$129.00,$129.00,East,Online,False
08/04/2023,INV-00620,1190,Filter Papers,2,$4.25,$8.50,East,Online,False
28/04/2023,INV-00533,1373,Milk Frother,1,$39.90,$39.90,North,In-store,False
25/02/2024,INV-01183,1332,Grinder,2,$129.00,$258.00,South,In-store,False
28/01/2023,INV-00126,1235,Espresso Machine,2,$449.00,$898.00,East,In-store,False
04/11/2023,INV-00287,1269,Milk Frother,3,$39.90,$119.70,West,In-store,False
25/01/2023,INV-00592,1237,Filter Papers,2,$4.25,$8.50,North,Online,False
23/01/2024,INV-00121,1369,Grinder,1,$129.00,$129.00,West,In-store,False
19/10/2023,INV-00757,1244,Milk Frother,2,$39.90,$79.80,West,Online,False
15/11/2023,INV-00021,1356,Milk Frother,2,$39.90,$79.80,South,In-store,False
28/05/2023,INV-00681,1221,Mug Set,1,$24.00,$24.00,South,Online,False
14/03/2023,INV-01171,1383,Coffee Beans 1kg,1,$18.50,$18.50,East,Online,False
31/08/2023,INV-00703,1303,Grinder,1,$129.00,$129.00,North,Online,False
07/04/2024,INV-01159,1145,Filter Papers,3,$4.25,$12.75,East,In-store,False
14/05/2023,INV-00414,1211,Filter Papers,3,$4.25,$12.75,North,In-store,False
21/12/2023,INV-00520,1300,Coffee Beans 1kg,2,$18.50,$37.00,South,In-store,False
03/06/2024,INV-01195,1093,Milk Frother,3,$39.90,$119.70,East,Online,False
22/11/2023,INV-00893,1389,Coffee Beans 1kg,1,$18.50,$18.50,West,In-store,False
18/02/2024,INV-01058,1076,Coffee Beans 1kg,3,$18.50,$55.50,North,In-store,False
27/05/2023,INV-00114,1336,Coffee Beans 1kg,1,$18.50,$18.50,South,Online,False
03/12/2023,INV-01132,1289,Mug Set,3,$24.00,$72.00,West,Online,False
09/05/2023,INV-00888,1082,Filter Papers,1,$4.25,$4.25,East,In-store,False
14/06/2024,INV-00887,1192,Coffee Beans 1kg,1,$18.50,$18.50,West,In-store,False
21/09/2023,INV-00442,1208,Filter Papers,3,$4.25,$12.75,West,Online,False
03/02/2023,INV-00937,1356,Coffee Beans 1kg,1,$18.50,$18.50,East,In-store,False
26/04/2023,INV-00658,1102,Filter Papers,2,$4.25,$8.50,East,In-store,False
23/04/2023,INV-00896,1178,Coffee Beans 1kg,1,$18.50,$18.50,East,In-store,False
10/09/2023,INV-00685,1222,Filter Papers,1,$4.25,$4.25,East,Online,False
07/12/2023,INV-00501,1376,Coffee Beans 1kg,2,$18.50,$37.00,South,In-store,False
20/05/2024,INV-00315,1337,Espresso Machine,2,$449.00,$898.00,South,Online,False
10/05/2023,INV-00753,1124,Espresso Machine,2,$449.00,$898.00,North,Online,False
27/01/2024,INV-01054,1339,Filter Papers,3,$4.25,$12.75,East,In-store,False
22/03/2024,INV-00150,1061,Espresso Machine,2,$449.00,$898.00,West,Online,False
06/03/2024,INV-01179,1064,Coffee Beans 1kg,3,$18.50,$55.50,South,Online,False
26/10/2023,INV-00710,1390,Milk Frother,2,$39.90,$79.80,East,Online,False
09/03/2023,INV-01075,1256,Milk Frother,3,$39.90,$119.70,South,Online,False
16/04/2024,INV-00226,1068,Milk Frother,3,$39.90,$119.70,South,Online,False
25/10/2023,INV-00613,1198,Filter Papers,1,$4.25,$4.25,North,Online,False
09/03/2023,INV-00158,1246,Mug Set,3,$24.00,$72.00,East,In-store,False
31/01/2023,INV-00381,1131,Milk Frother,3,$39.90,$119.70,North,Online,False
02/10/2023,INV-00493,1307,Filter Papers,1,$4.25,$4.25,South,In-store,False
28/05/2023,INV-00485,1256,Filter Papers,3,$4.25,$12.75,North,Online,False
11/05/2024,INV-01191,1048,Filter Papers,1,$4.25,$4.25,,In-store,False
18/06/2023,INV-01113,1281,Coffee Beans 1kg,1,$18.50,$18.50,West,In-store,False
25/06/2023,INV-00025,1019,Milk Frother,3,$39.90,$119.70,North,Online,False
30/03/2023,INV-00548,1063,Coffee Beans 1kg,3,$18.50,$55.50,,Online,False
10/06/2023,INV-00938,1002,Filter Papers,2,$4.25,$8.50,South,In-store,False
20/02/2023,INV-00087,1329,Milk Frother,3,$39.90,$119.70,South,Online,False
18/06/2023,INV-00910,1293,Coffee Beans 1kg,1,$18.50,$18.50,West,In-store,False
07/09/2023,INV-00524,1168,Coffee Beans 1kg,3,$18.50,$55.50,North,Online,False
18/02/2024,INV-00292,1378,Coffee Beans 1kg,2,$18.50,$37.00,South,Online,False
20/01/2024,INV-00991,1285,Coffee Beans 1kg,1,$18.50,$18.50,West,Online,False
22/03/2024,INV-00459,1162,Grinder,1,$129.00,$129.00,South,Online,False
08/01/2023,INV-01097,1117,Espresso Machine,1,$449.00,$449.00,North,In-store,False
14/10/2023,INV-00822,1102,Filter Papers,1,$4.25,$4.25,East,Online,False
09/07/2023,INV-00637,1281,Coffee Beans 1kg,1,$18.50,$18.50,West,In-store,False
21/01/2023,INV-00573,1345,Filter Papers,2,$4.25,$8.50,North,Online,False
18/07/2023,INV-00087,1025,Filter Papers,3,$4.25,$12.75,South,Online,False
20/03/2024,INV-00100,1336,Filter Papers,2,$4.25,$8.50,North,Online,False
10/06/2024,INV-00028,1361,Espresso Machine,2,$449.00,$898.00,North,In-store,False
16/05/2024,INV-00485,1296,Mug Set,3,$24.00,$72.00,,Online,False
05/03/2024,INV-00332,1228,Coffee Beans 1kg,2,$18.50,$37.00,North,In-store,False
10/06/2023,INV-00697,1033,Filter Papers,3,$4.25,$12.75,North,In-store,False
28/03/2023,INV-00370,1349,Milk Frother,2,$39.90,$79.80,East,In-store,False
21/09/2023,INV-00478,1314,Coffee Beans 1kg,3,$18.50,$55.50,East,In-store,False
28/12/2023,INV-00296,1064,Grinder,3,$129.00,$387.00,North,Online,False
09/12/2023,INV-00600,1269,Coffee Beans 1kg,3,$18.50,$55.50,North,Online,False
09/11/2023,INV-00126,1124,Filter Papers,2,$4.25,$8.50,North,Online,False
10/06/2024,INV-00320,1252,Mug Set,1,$24.00,$24.00,West,Online,False
13/04/2024,INV-00543,1295,Grinder,2,$129.00,$258.00,East,In-store,False
03/05/2023,INV-00384,1002,Espresso Machine,2,$449.00,$898.00,North,Online,False
19/07/2023,INV-00268,1042,Mug Set,1,$24.00,$24.00,East,In-store,False
15/04/2023,INV-00604,1051,Filter Papers,2,$4.25,$8.50,East,Online,False
09/06/2024,INV-00718,1325,Coffee Beans 1kg,3,$18.50,$55.50,West,In-store,False
06/07/2023,INV-01197,1269,Filter Papers,2,$4.25,$8.50,East,Online,False
14/10/2023,INV-00176,1159,Coffee Beans 1kg,1,$18.50,$18.50,North,In-store,False
17/06/2024,INV-00385,1190,Filter Papers,2,$4.25,$8.50,South,Online,False
10/01/2024,INV-00424,1125,Mug Set,1,$24.00,$24.00,East,Online,False
03/09/2023,INV-00351,1397,Filter Papers,2,$4.25,$8.50,East,In-store,False
09/01/2023,INV-00981,1081,Filter Papers,2,$4.25,$8.50,North,In-store,False
22/06/2023,INV-00953,1050,Grinder,1,$129.00,$129.00,West,In-store,False
13/12/2023,INV-00682,1010,Coffee Beans 1kg,3,$18.50,$55.50,South,Online,False
18/02/2024,INV-00999,1215,Milk Frother,2,$39.90,$79.80,North,In-store,False
17/10/2023,INV-00071,1322,Coffee Beans 1kg,3,$18.50,$55.50,North,Online,False
23/08/2023,INV-00445,1077,Espresso Machine,3,$449.00,"$1,347.00",North,Online,False
29/04/2024,INV-00221,1364,Mug Set,1,$24.00,$24.00,North,Online,False
16/01/2024,INV-01022,1226,Coffee Beans 1kg,2,$18.50,$37.00,,Online,False
21/11/2023,INV-00081,1213,Coffee Beans 1kg,1,$18.50,$18.50,East,In-store,False
27/07/2023,INV-01087,1094,Mug Set,1,$24.00,$24.00,South,Online,False
15/03/2023,INV-00576,1284,Coffee Beans 1kg,2,$18.50,$37.00,North,Online,False
25/03/2023,INV-01102,1119,Filter Papers,1,$4.25,$4.25,West,In-store,False
17/06/2024,INV-00407,1325,Espresso Machine,3,$449.00,"$1,347.00",East,Online,False
11/10/2023,INV-00583,1348,Coffee Beans 1kg,1,$18.50,$18.50,North,Online,False
31/05/2023,INV-00675,1078,Filter Papers,2,$4.25,$8.50,West,Online,False
10/11/2023,INV-00156,1005,Grinder,3,$129.00,$387.00,East,In-store,False
19/01/2024,INV-01110,1200,Coffee Beans 1kg,3,$18.50,$55.50,East,Online,False
03/01/2023,INV-00349,1125,Grinder,1,$129.00,$129.00,South,Online,False
01/01/2023,INV-00810,1173,Filter Papers,3,$4.25,$12.75,,In-store,False
14/09/2023,INV-00208,1290,Coffee Beans 1kg,1,$18.50,$18.50,East,Online,False
15/09/2023,INV-00737,1093,Filter Papers,3,$4.25,$12.75,West,In-store,False
17/05/2023,INV-01115,1374,Filter Papers,3,$4.25,$12.75,East,In-store,False
19/05/2024,INV-00358,1079,Filter Papers,1,$4.25,$4.25,North,Online,False
01/04/2024,INV-00197,1037,Filter Papers,3,$4.25,$12.75,South,Online,False
17/07/2023,INV-00360,1276,Mug Set,2,$24.00,$48.00,West,Online,False
17/03/2024,INV-00079,1195,Coffee Beans 1kg,3,$18.50,$55.50,East,In-store,False
26/10/2023,INV-00894,1249,Grinder,2,$129.00,$258.00,East,Online,False
08/01/2024,INV-00438,1097,Filter Papers,1,$4.25,$4.25,North,Online,False
02/06/2024,INV-00925,1324,Coffee Beans 1kg,2,$18.50,$37.00,East,In-store,False
02/06/2023,INV-01178,1386,Mug Set,3,$24.00,$72.00,East,Online,False
30/12/2023,INV-00431,1354,Coffee Beans 1kg,3,$18.50,$55.50,East,In-store,False
09/11/2023,INV-00612,1289,Coffee Beans 1kg,1,$18.50,$18.50,North,Online,False
27/12/2023,INV-00886,1043,Coffee Beans 1kg,3,$18.50,$55.50,West,In-store,False
18/05/2023,INV-00540,1181,Mug Set,2,$24.00,$48.00,North,In-store,False
20/01/2024,INV-00242,1392,Espresso Machine,3,$449.00,"$1,347.00",South,Online,False
20/06/2024,INV-00284,1241,Coffee Beans 1kg,1,$18.50,$18.50,East,In-store,False
12/05/2024,INV-00465,1332,Coffee Beans 1kg,2,$18.50,$37.00,South,In-store,False
02/11/2023,INV-00954,1103,Milk Frother,3,$39.90,$119.70,East,Online,False
03/05/2024,INV-00639,1244,Filter Papers,3,$4.25,$12.75,East,Online,False
24/08/2023,INV-00382,1214,Filter Papers,3,$4.25,$12.75,South,Online,False
18/01/2023,INV-01169,1014,Mug Set,2,$24.00,$48.00,East,In-store,False
17/06/2024,INV-01133,1250,Mug Set,2,$24.00,$48.00,North,Online,False
15/05/2023,INV-01093,1315,Coffee Beans 1kg,3,$18.50,$55.50,West,Online,False
15/05/2023,INV-00191,1168,Mug Set,1,$24.00,$24.00,East,Online,False
24/04/2023,INV-00267,1101,Coffee Beans 1kg,2,$18.50,$37.00,South,Online,False
15/02/2023,INV-00675,1151,Grinder,2,$129.00,$258.00,West,Online,False
26/04/2023,INV-00196,1351,Coffee Beans 1kg,2,$18.50,$37.00,East,Online,False
31/07/2023,INV-00377,1047,Coffee Beans 1kg,1,$18.50,$18.50,East,Online,False
14/03/2024,INV-00771,1275,Espresso Machine,2,$449.00,$898.00,East,Online,False
07/08/2023,INV-00818,1386,Filter Papers,1,$4.25,$4.25,East,Online,False
08/02/2024,INV-01125,1169,Coffee Beans 1kg,2,$18.50,$37.00,East,Online,False
30/09/2023,INV-00774,1224,Grinder,1,$129.00,$129.00,West,Online,False
06/01/2024,INV-00133,1008,Milk Frother,2,$39.90,$79.80,North,In-store,False
26/04/2023,INV-00591,1342,Coffee Beans 1kg,2,$18.50,$37.00,North,Online,False
26/07/2023,INV-00659,1239,Coffee Beans 1kg,3,$18.50,$55.50,East,In-store,False
01/12/2023,INV-01139,1324,Filter Papers,3,$4.25,$12.75,North,In-store,False
28/03/2024,INV-00864,1288,Filter Papers,2,$4.25,$8.50,East,In-store,False
16/01/2023,INV-00806,1280,Filter Papers,1,$4.25,$4.25,North,In-store,False
22/04/2024,INV-00646,1359,Coffee Beans 1kg,2,$18.50,$37.00,East,In-store,False
06/05/2024,INV-00191,1235,Coffee Beans 1kg,1,$18.50,$18.50,North,Online,False
07/09/2023,INV-00738,1024,Filter Papers,3,$4.25,$12.75,North,In-store,False
01/03/2023,INV-01046,1320,Grinder,3,$129.00,$387.00,North,Online,False
30/08/2023,INV-00542,1250,Coffee Beans 1kg,3,$18.50,$55.50,South,Online,False
14/07/2023,INV-01142,1297,Coffee Beans 1kg,3,$18.50,$55.50,East,In-store,False
05/10/2023,INV-00726,1048,Grinder,3,$129.00,$387.00,North,In-store,False
18/11/2023,INV-00896,1197,Espresso Machine,3,$449.00,"$1,347.00",East,Online,False
20/04/2024,INV-00142,1342,Filter Papers,2,$4.25,$8.50,West,In-store,False
06/07/2023,INV-00595,1011,Mug Set,1,$24.00,$24.00,West,In-store,False
28/01/2024,INV-01084,1067,Filter Papers,2,$4.25,$8.50,South,Online,False
19/05/2023,INV-00783,1049,Filter Papers,3,$4.25,$12.75,West,In-store,False
15/08/2023,INV-00837,1208,Espresso Machine,3,$449.00,"$1,347.00",East,Online,False
26/12/2023,INV-00864,1193,Mug Set,2,$24.00,$48.00,South,In-store,False
12/04/2023,INV-01132,1277,Grinder,2,$129.00,$258.00,South,Online,False
18/03/2023,INV-00866,1001,Coffee Beans 1kg,1,$18.50,$18.50,North,In-store,False
25/03/2024,INV-00796,1061,Coffee Beans 1kg,1,$18.50,$18.50,East,Online,False
16/01/2024,INV-00888,1231,Coffee Beans 1kg,2,$18.50,$37.00,West,In-store,False
22/03/2023,INV-00031,1329,Coffee Beans 1kg,3,$18.50,$55.50,South,Online,False
31/07/2023,INV-00772,1137,Coffee Beans 1kg,2,$18.50,$37.00,East,Online,False
02/08/2023,INV-00110,1076,Coffee Beans 1kg,1,$18.50,$18.50,South,Online,False
29/09/2023,INV-00129,1209,Grinder,2,$129.00,$258.00,East,Online,False
13/02/2024,INV-00482,1159,Grinder,3,$129.00,$387.00,North,Online,False
24/10/2023,INV-00459,1126,Coffee Beans 1kg,2,$18.50,$37.00,East,Online,False
11/09/2023,INV-00347,1006,Filter Papers,2,$4.25,$8.50,West,In-store,False
21/09/2023,INV-00110,1102,Filter Papers,1,$4.25,$4.25,West,Online,False
14/04/2023,INV-00922,1109,Filter Papers,2,$4.25,$8.50,West,In-store,False
04/01/2024,INV-00936,1359,Filter Papers,3,$4.25,$12.75,West,Online,False
14/01/2023,INV-00495,1263,Coffee Beans 1kg,3,$18.50,$55.50,South,Online,False
28/04/2023,INV-00381,1177,Mug Set,2,$24.00,$48.00,North,In-store,False
21/01/2023,INV-01161,1308,Coffee Beans 1kg,2,$18.50,$37.00,South,Online,False
05/05/2023,INV-00686,1184,Filter Papers,3,$4.25,$12.75,South,Online,False
18/06/2024,INV-00716,1276,Milk Frother,2,$39.90,$79.80,South,In-store,False
14/11/2023,INV-00205,1208,Filter Papers,2,$4.25,$8.50,West,Online,False
25/11/2023,INV-01008,1200,Milk Frother,1,$39.90,$39.90,East,Online,False
07/01/2023,INV-00069,1296,Coffee Beans 1kg,3,$18.50,$55.50,East,Online,False
13/03/2024,INV-00136,1208,Coffee Beans 1kg,1,$18.50,$18.50,North,Online,False
25/01/2023,INV-00745,1089,Coffee Beans 1kg,3,$18.50,$55.50,North,In-store,False
21/11/2023,INV-00984,1058,Filter Papers,3,$4.25,$12.75,North,In-store,False
22/11/2023,INV-00211,1149,Coffee Beans 1kg,2,$18.50,$37.00,South,Online,False
24/08/2023,INV-00425,1299,Mug Set,1,$24.00,$24.00,East,In-store,False
04/06/2024,INV-00517,1023,Espresso Machine,1,$449.00,$449.00,West,In-store,False
18/05/2023,INV-00720,1102,Coffee Beans 1kg,3,$18.50,$55.50,South,In-store,False
26/11/2023,INV-00851,1358,Coffee Beans 1kg,1,$18.50,$18.50,East,Online,False
06/02/2024,INV-00663,1214,Mug Set,3,$24.00,$72.00,North,In-store,False
01/03/2024,INV-00294,1320,Grinder,1,$129.00,$129.00,West,In-store,False
29/12/2023,INV-00202,1119,Grinder,1,$129.00,$129.00,North,Online,False
17/10/2023,INV-01116,1297,Milk Frother,2,$39.90,$79.80,South,In-store,False
03/06/2023,INV-00659,1277,Filter Papers,2,$4.25,$8.50,North,Online,False
10/11/2023,INV-00516,1237,Milk Frother,1,$39.90,$39.90,North,Online,False
26/10/2023,INV-00133,1039,Filter Papers,1,$4.25,$4.25,North,Online,False
25/01/2024,INV-00645,1215,Milk Frother,3,$39.90,$119.70,East,In-store,False
17/04/2024,INV-00153,1152,Coffee Beans 1kg,2,$18.50,$37.00,North,Online,False
28/03/2024,INV-00700,1367,Filter Papers,1,$4.25,$4.25,West,In-store,False
17/09/2023,INV-00270,1024,Coffee Beans 1kg,3,$18.50,$55.50,South,Online,False
14/06/2023,INV-00551,1285,Grinder,3,$129.00,$387.00,South,Online,False
26/04/2024,INV-00736,1086,Coffee Beans 1kg,3,$18.50,$55.50,North,Online,False
14/04/2023,INV-00981,1100,Mug Set,1,$24.00,$24.00,South,In-store,False
21/02/2024,INV-00759,1118,Filter Papers,2,$4.25,$8.50,East,In-store,False
16/03/2024,INV-00859,1387,Espresso Machine,1,$449.00,$449.00,East,In-store,False
07/07/2023,INV-00204,1254,Mug Set,1,$24.00,$24.00,East,Online,False
12/05/2023,INV-00783,1161,Coffee Beans 1kg,3,$18.50,$55.50,West,Online,False
02/08/2023,INV-01017,1048,Filter Papers,2,$4.25,$8.50,North,Online,False
25/05/2023,INV-01024,1098,Coffee Beans 1kg,1,$18.50,$18.50,East,Online,False
09/05/2024,INV-00982,1363,Coffee Beans 1kg,1,$18.50,$18.50,North,In-store,False
08/05/2023,INV-01194,1307,Coffee Beans 1kg,2,$18.50,$37.00,West,In-store,False
30/01/2023,INV-00919,1188,Grinder,1,$129.00,$129.00,West,In-store,False
02/07/2023,INV-00758,1388,Mug Set,2,$24.00,$48.00,South,Online,False
27/12/2023,INV-00277,1336,Grinder,2,$129.00,$258.00,East,In-store,False
16/09/2023,INV-00127,1246,Mug Set,3,$24.00,$72.00,North,Online,False
10/08/2023,INV-01071,1355,Filter Papers,2,$4.25,$8.50,East,Online,False
15/01/2023,INV-00123,1209,Filter Papers,3,$4.25,$12.75,North,In-store,False
19/06/2023,INV-00743,1146,Filter Papers,2,$4.25,$8.50,North,In-store,False
15/04/2023,INV-00835,1283,Coffee Beans 1kg,1,$18.50,$18.50,East,Online,False
29/01/2024,INV-01161,1031,Filter Papers,2,$4.25,$8.50,East,In-store,False
17/03/2024,INV-00878,1385,Filter Papers,3,$4.25,$12.75,East,In-store,False
02/04/2024,INV-00482,1122,Filter Papers,3,$4.25,$12.75,North,In-store,False
01/12/2023,INV-00328,1249,Filter Papers,2,$4.25,$8.50,East,Online,False
12/03/2024,INV-00725,1035,Milk Frother,1,$39.90,$39.90,North,In-store,False
08/01/2024,INV-01136,1259,Coffee Beans 1kg,3,$18.50,$55.50,East,In-store,False
30/05/2023,INV-00764,1373,Filter Papers,3,$4.25,$12.75,North,Online,False
11/08/2023,INV-00477,1329,Grinder,3,$129.00,$387.00,North,In-store,False
08/05/2024,INV-00933,1296,Espresso Machine,3,$449.00,"$1,347.00",South,Online,False
18/03/2024,INV-00769,1304,Filter Papers,1,$4.25,$4.25,South,In-store,False
15/02/2024,INV-01125,1310,Coffee Beans 1kg,2,$18.50,$37.00,West,Online,False
30/07/2023,INV-00819,1376,Coffee Beans 1kg,1,$18.50,$18.50,East,In-store,False
13/09/2023,INV-00386,1300,Milk Frother,2,$39.90,$79.80,,Online,False
05/01/2024,INV-00687,1009,Filter Papers,1,$4.25,$4.25,West,Online,False
03/06/2024,INV-00890,1083,Coffee Beans 1kg,3,$18.50,$55.50,North,Online,False
13/02/2024,INV-00850,1125,Coffee Beans 1kg,2,$18.50,$37.00,West,Online,False
23/01/2024,INV-00180,1341,Espresso Machine,2,$449.00,$898.00,South,Online,False
11/01/2023,INV-01133,1229,Coffee Beans 1kg,1,$18.50,$18.50,North,In-store,False
20/09/2023,INV-01113,1283,Filter Papers,2,$4.25,$8.50,East,Online,False
27/12/2023,INV-00416,1196,Grinder,2,$129.00,$258.00,South,In-store,False
21/05/2023,INV-00560,1220,Coffee Beans 1kg,1,$18.50,$18.50,South,In-store,False
08/03/2024,INV-00110,1304,Grinder,3,$129.00,$387.00,West,Online,False
13/06/2024,INV-00871,1391,Filter Papers,1,$4.25,$4.25,West,Online,False
25/04/2024,INV-01152,1005,Filter Papers,2,$4.25,$8.50,West,Online,False
24/09/2023,INV-00044,1357,Grinder,3,$129.00,$387.00,North,In-store,False
30/05/2024,INV-00707,1213,Filter Papers,3,$4.25,$12.75,North,Online,False
31/03/2024,INV-00907,1266,Coffee Beans 1kg,1,$18.50,$18.50,South,Online,False
28/02/2024,INV-00857,1023,Mug Set,3,$24.00,$72.00,West,Online,False
09/02/2024,INV-00844,1377,Coffee Beans 1kg,3,$18.50,$55.50,South,Online,False
06/10/2023,INV-01174,1370,Coffee Beans 1kg,3,$18.50,$55.50,South,Online,False
31/08/2023,INV-00202,1135,Coffee Beans 1kg,3,$18.50,$55.50,North,In-store,False
07/01/2023,INV-00040,1222,Coffee Beans 1kg,1,$18.50,$18.50,South,Online,False
27/02/2024,INV-00912,1061,Mug Set,1,$24.00,$24.00,North,In-store,False
24/06/2024,INV-00365,1116,Filter Papers,3,$4.25,$12.75,East,Online,False
05/03/2024,INV-00441,1196,Mug Set,1,$24.00,$24.00,West,Online,False
11/04/2023,INV-01052,1154,Milk Frother,1,$39.90,$39.90,North,In-store,False
22/03/2024,INV-00328,1135,Coffee Beans 1kg,2,$18.50,$37.00,North,In-store,False
13/02/2024,INV-00329,1315,Filter Papers,2,$4.25,$8.50,East,Online,False
12/07/2023,INV-01063,1112,Grinder,3,$129.00,$387.00,East,In-store,False
04/08/2023,INV-00368,1186,Milk Frother,1,$39.90,$39.90,,In-store,False
16/12/2023,INV-00696,1203,Coffee Beans 1kg,3,$18.50,$55.50,East,In-store,False
12/05/2024,INV-01076,1249,Milk Frother,2,$39.90,$79.80,West,In-store,False
24/02/2024,INV-01035,1143,Coffee Beans 1kg,3,$18.50,$55.50,South,Online,False
03/08/2023,INV-00090,1219,Coffee Beans 1kg,1,$18.50,$18.50,West,In-store,False
20/03/2024,INV-00468,1104,Mug Set,1,$24.00,$24.00,South,Online,False
21/04/2023,INV-00423,1101,Filter Papers,2,$4.25,$8.50,North,Online,False
03/01/2023,INV-00334,1383,Grinder,1,$129.00,$129.00,East,Online,False
12/09/2023,INV-00544,1173,Coffee Beans 1kg,3,$18.50,$55.50,South,Online,False
06/06/2023,INV-00490,1082,Filter Papers,3,$4.25,$12.75,North,Online,False
05/07/2023,INV-00760,1041,Filter Papers,1,$4.25,$4.25,East,Online,False
07/05/2023,INV-00707,1366,Coffee Beans 1kg,2,$18.50,$37.00,East,Online,False
22/11/2023,INV-01020,1203,Mug Set,2,$24.00,$48.00,South,Online,False
24/08/2023,INV-01009,1097,Coffee Beans 1kg,1,$18.50,$18.50,North,In-store,False
13/11/2023,INV-00827,1031,Espresso Machine,2,$449.00,$898.00,East,In-store,False
25/05/2024,INV-00781,1218,Milk Frother,1,$39.90,$39.90,West,In-store,False
16/01/2024,INV-00284,1003,Grinder,2,$129.00,$258.00,West,Online,False
08/03/2024,INV-00995,1215,Milk Frother,1,$39.90,$39.90,West,In-store,False
03/01/2023,INV-01094,1086,Espresso Machine,2,$449.00,$898.00,West,In-store,False
10/05/2023,INV-00646,1369,Mug Set,1,$24.00,$24.00,West,Online,False
16/05/2023,INV-00017,1174,Coffee Beans 1kg,2,$18.50,$37.00,South,Online,False
15/12/2023,INV-00330,1304,Grinder,3,$129.00,$387.00,West,Online,False
09/07/2023,INV-00761,1144,Grinder,3,$129.00,$387.00,South,In-store,False
01/04/2024,INV-00685,1395,Filter Papers,2,$4.25,$8.50,North,Online,False
30/05/2024,INV-00056,1369,Coffee Beans 1kg,3,$18.50,$55.50,North,Online,False
09/05/2024,INV-00657,1069,Filter Papers,2,$4.25,$8.50,West,In-store,False
06/05/2023,INV-00496,1343,Filter Papers,3,$4.25,$12.75,East,Online,False
08/05/2023,INV-00332,1090,Coffee Beans 1kg,1,$18.50,$18.50,South,Online,False
28/03/2023,INV-00366,1366,Filter Papers,1,$4.25,$4.25,South,Online,False
08/12/2023,INV-00103,1369,Milk Frother,3,$39.90,$119.70,North,Online,False
23/08/2023,INV-00348,1081,Milk Frother,1,$39.90,$39.90,South,In-store,False
08/02/2024,INV-00969,1367,Filter Papers,2,$4.25,$8.50,West,In-store,False
27/10/2023,INV-00970,1166,Grinder,3,$129.00,$387.00,West,Online,False
04/07/2023,INV-00847,1061,Coffee Beans 1kg,1,$18.50,$18.50,West,In-store,False
11/03/2023,INV-01158,1124,Coffee Beans 1kg,3,$18.50,$55.50,East,In-store,False
11/04/2024,INV-00948,1101,Coffee Beans 1kg,3,$18.50,$55.50,West,Online,False
29/04/2024,INV-01122,1226,Coffee Beans 1kg,2,$18.50,$37.00,West,Online,False
21/09/2023,INV-00060,1094,Filter Papers,2,$4.25,$8.50,West,Online,False
16/06/2023,INV-00059,1005,Milk Frother,3,$39.90,$119.70,,Online,False
04/10/2023,INV-00075,1241,Mug Set,3,$24.00,$72.00,West,In-store,False
22/12/2023,INV-00369,1349,Coffee Beans 1kg,3,$18.50,$55.50,West,Online,False
15/04/2023,INV-00521,1147,Mug Set,1,$24.00,$24.00,North,In-store,False
11/07/2023,INV-00533,1307,Coffee Beans 1kg,2,$18.50,$37.00,,In-store,False
27/11/2023,INV-00220,1149,Grinder,3,$129.00,$387.00,North,Online,False
29/02/2024,INV-00137,1043,Milk Frother,2,$39.90,$79.80,North,Online,False
08/06/2023,INV-00919,1361,Mug Set,1,$24.00,$24.00,South,Online,False
29/03/2023,INV-00002,1240,Grinder,3,$129.00,$387.00,North,Online,False
03/01/2024,INV-00330,1010,Filter Papers,2,$4.25,$8.50,West,In-store,False
24/06/2023,INV-00886,1339,Filter Papers,2,$4.25,$8.50,East,Online,False
28/12/2023,INV-01073,1399,Coffee Beans 1kg,3,$18.50,$55.50,South,Online,False
19/05/2024,INV-00440,1039,Coffee Beans 1kg,3,$18.50,$55.50,East,In-store,False
16/04/2023,INV-00189,1191,Filter Papers,3,$4.25,$12.75,North,Online,False
09/12/2023,INV-00919,1325,Filter Papers,1,$4.25,$4.25,North,In-store,False
01/01/2024,INV-00288,1185,Filter Papers,1,$4.25,$4.25,West,Online,False
29/02/2024,INV-00116,1068,Filter Papers,3,$4.25,$12.75,North,Online,False
31/10/2023,INV-00852,1333,Milk Frother,3,$39.90,$119.70,South,Online,False
04/12/2023,INV-00214,1148,Filter Papers,3,$4.25,$12.75,North,Online,False
02/11/2023,INV-00484,1245,Coffee Beans 1kg,2,$18.50,$37.00,,Online,False
10/03/2023,INV-00096,1250,Filter Papers,2,$4.25,$8.50,East,In-store,False
09/01/2024,INV-00543,1248,Milk Frother,3,$39.90,$119.70,East,Online,False
18/04/2023,INV-01136,1229,Espresso Machine,1,$449.00,$449.00,North,Online,False
25/01/2023,INV-00536,1363,Espresso Machine,3,$449.00,"$1,347.00",South,In-store,False
30/01/2024,INV-01128,1305,Espresso Machine,2,$449.00,$898.00,East,In-store,False
13/05/2023,INV-00816,1247,Filter Papers,2,$4.25,$8.50,East,Online,False
16/06/2023,INV-00478,1174,Coffee Beans 1kg,1,$18.50,$18.50,East,Online,False
13/09/2023,INV-00912,1051,Filter Papers,2,$4.25,$8.50,East,Online,False
15/06/2024,INV-00784,1169,Filter Papers,1,$4.25,$4.25,West,In-store,False
24/01/2023,INV-00675,1100,Coffee Beans 1kg,1,$18.50,$18.50,,Online,False
18/01/2024,INV-00612,1380,Filter Papers,2,$4.25,$8.50,East,Online,False
26/09/2023,INV-00889,1223,Milk Frother,3,$39.90,$119.70,South,Online,False
07/05/2023,INV-01173,1354,Coffee Beans 1kg,3,$18.50,$55.50,West,Online,False
08/08/2023,INV-00921,1220,Espresso Machine,2,$449.00,$898.00,,In-store,False
24/06/2023,INV-00741,1027,Mug Set,3,$24.00,$72.00,South,Online,False
15/02/2024,INV-00664,1203,Coffee Beans 1kg,1,$18.50,$18.50,South,In-store,False
11/07/2023,INV-00050,1398,Coffee Beans 1kg,2,$18.50,$37.00,South,Online,False
13/03/2024,INV-00602,1022,Filter Papers,2,$4.25,$8.50,South,Online,False
17/08/2023,INV-00904,1119,Mug Set,2,$24.00,$48.00,West,In-store,False
25/10/2023,INV-00372,1021,Mug Set,1,$24.00,$24.00,North,Online,False
11/03/2024,INV-00126,1354,Espresso Machine,2,$449.00,$898.00,West,In-store,False
08/05/2024,INV-00508,1153,Grinder,2,$129.00,$258.00,South,Online,False
19/05/2024,INV-00585,1196,Coffee Beans 1kg,2,$18.50,$37.00,North,Online,False
26/06/2023,INV-00790,1340,Grinder,1,$129.00,$129.00,East,In-store,False
22/01/2024,INV-00744,1112,Coffee Beans 1kg,1,$18.50,$18.50,East,In-store,False
28/09/2023,INV-00423,1103,Espresso Machine,1,$449.00,$449.00,East,Online,False
17/01/2023,INV-01169,1178,Filter Papers,1,$4.25,$4.25,East,In-store,False
08/09/2023,INV-00024,1086,Coffee Beans 1kg,1,$18.50,$18.50,West,Online,False
08/09/2023,INV-00268,1142,Espresso Machine,1,$449.00,$449.00,North,Online,False
26/08/2023,INV-01125,1205,Grinder,1,$129.00,$129.00,North,Online,False
01/06/2023,INV-00750,1314,Filter Papers,1,$4.25,$4.25,South,Online,False
03/07/2023,INV-00524,1306,Coffee Beans 1kg,2,$18.50,$37.00,,Online,False
29/02/2024,INV-01120,1269,Mug Set,2,$24.00,$48.00,,Online,False
24/03/2023,INV-00975,1123,Filter Papers,3,$4.25,$12.75,East,In-store,False
